安庆西站,安徽省,安庆市,怀宁县
怀宁站,安徽省,安庆市,怀宁县
潜山站,安徽省,安庆市,潜山市
天柱山站,安徽省,安庆市,潜山市
宿松东站,安徽省,安庆市,宿松县
宿松站,安徽省,安庆市,宿松县
太湖站,安徽省,安庆市,太湖县
桐城东站,安徽省,安庆市,桐城市
桐城南站,安徽省,安庆市,桐城市
桐城站,安徽省,安庆市,桐城市
安庆站,安徽省,安庆市,宜秀区
固镇站,安徽省,蚌埠市,固镇县
蚌埠南站,安徽省,蚌埠市,龙子湖区
蚌埠站,安徽省,蚌埠市,龙子湖区
亳州南站,安徽省,亳州市,谯城区
亳州站,安徽省,亳州市,谯城区
涡阳站,安徽省,亳州市,涡阳县
东至站,安徽省,池州市,东至县
池州站,安徽省,池州市,贵池区
定远站,安徽省,滁州市,定远县
凤阳站候车室,安徽省,滁州市,凤阳县
滁州北站,安徽省,滁州市,琅琊区
明光站,安徽省,滁州市,明光市
全椒站,安徽省,滁州市,全椒县
阜南站,安徽省,阜阳市,阜南县
界首南站,安徽省,阜阳市,界首市
界首市站,安徽省,阜阳市,界首市
三堂集站,安徽省,阜阳市,太和县
阜阳站,安徽省,阜阳市,颍东区
颍上北站,安徽省,阜阳市,颍上县
颍上站,安徽省,阜阳市,颍上县
阜阳西站,安徽省,阜阳市,颍州区
合肥南站,安徽省,合肥市,包河区
巢湖东站,安徽省,合肥市,巢湖市
巢湖站,安徽省,合肥市,巢湖市
肥东站,安徽省,合肥市,肥东县
长临河站,安徽省,合肥市,肥东县
肥西站,安徽省,合肥市,肥西县
庐江西站,安徽省,合肥市,庐江县
庐江站,安徽省,合肥市,庐江县
合肥站,安徽省,合肥市,瑶海区
水家湖站,安徽省,合肥市,长丰县
淮北北站,安徽省,淮北市,杜集区
青龙山站,安徽省,淮北市,烈山区
淮北站,安徽省,淮北市,相山区
淮南东站,安徽省,淮南市,大通区
凤台南站,安徽省,淮南市,凤台县
淮南南站,安徽省,淮南市,田家庵区
淮南站,安徽省,淮南市,田家庵区
祁门站,安徽省,黄山市,祁门县
歙县北站,安徽省,黄山市,歙县
歙县站,安徽省,黄山市,歙县
黄山北站,安徽省,黄山市,屯溪区
黄山站,安徽省,黄山市,屯溪区
霍邱站,安徽省,六安市,霍邱县
金寨站,安徽省,六安市,金寨县
舒城东站,安徽省,六安市,舒城县
舒城站,安徽省,六安市,舒城县
六安站,安徽省,六安市,裕安区
当涂东站,安徽省,马鞍山市,当涂县
含山南站,安徽省,马鞍山市,含山县
马鞍山站,安徽省,马鞍山市,花山区
砀山南站,安徽省,宿州市,砀山县
砀山站,安徽省,宿州市,砀山县
灵璧站,安徽省,宿州市,灵璧县
泗县站,安徽省,宿州市,泗县
萧县北站,安徽省,宿州市,萧县
萧县站,安徽省,宿州市,萧县
宿州东站,安徽省,宿州市,埇桥区
宿州站,安徽省,宿州市,埇桥区
铜陵站,安徽省,铜陵市,铜官区
铜陵北站,安徽省,铜陵市,义安区
繁昌西站,安徽省,芜湖市,繁昌区
芜湖站,安徽省,芜湖市,镜湖区
芜湖北站,安徽省,芜湖市,鸠江区
湾沚南站,安徽省,芜湖市,湾沚区
无为站,安徽省,芜湖市,无为市
芜湖南站,安徽省,芜湖市,弋江区
广德站,安徽省,宣城市,广德市
绩溪北站,安徽省,宣城市,绩溪县
绩溪县站,安徽省,宣城市,绩溪县
郎溪南站,安徽省,宣城市,郎溪县
宁国站,安徽省,宣城市,宁国市
宣城站,安徽省,宣城市,宣州区
昌平北站,北京市,北京市,昌平区
昌平站,北京市,北京市,昌平区
黄土店站,北京市,北京市,昌平区
南口站,北京市,北京市,昌平区
沙河站,北京市,北京市,昌平区
兴寿站,北京市,北京市,昌平区
北京朝阳站,北京市,北京市,朝阳区
北京东站,北京市,北京市,朝阳区
双城国际,北京市,北京市,朝阳区
双桥站,北京市,北京市,朝阳区
望京站,北京市,北京市,朝阳区
安定站,北京市,北京市,大兴区
北京大兴站,北京市,北京市,大兴区
北京站,北京市,北京市,东城区
房山站,北京市,北京市,房山区
孤山口站,北京市,北京市,房山区
良各庄站,北京市,北京市,房山区
良乡站,北京市,北京市,房山区
琉璃河站,北京市,北京市,房山区
平峪站,北京市,北京市,房山区
十渡站,北京市,北京市,房山区
燕山站,北京市,北京市,房山区
北京丰台站,北京市,北京市,丰台区
北京南站,北京市,北京市,丰台区
北京西站,北京市,北京市,丰台区
石景山南站,北京市,北京市,丰台区
清河站,北京市,北京市,海淀区
清华园车站,北京市,北京市,海淀区
怀柔北站,北京市,北京市,怀柔区
怀柔南站,北京市,北京市,怀柔区
怀柔站,北京市,北京市,怀柔区
雁栖湖站,北京市,北京市,怀柔区
落坡岭站,北京市,北京市,门头沟区
沿河城站,北京市,北京市,门头沟区
雁翅站,北京市,北京市,门头沟区
珠窝站,北京市,北京市,门头沟区
古北口站,北京市,北京市,密云区
黑山寺站,北京市,北京市,密云区
密云北站,北京市,北京市,密云区
密云站,北京市,北京市,密云区
华山南桥,北京市,北京市,平谷区
三家店站,北京市,北京市,石景山区
西黄村站,北京市,北京市,石景山区
高各庄站,北京市,北京市,顺义区
牛栏山站,北京市,北京市,顺义区
顺义西站,北京市,北京市,顺义区
顺义站,北京市,北京市,顺义区
张辛站,北京市,北京市,顺义区
乔庄东站,北京市,北京市,通州区
通州火车站东货场,北京市,北京市,通州区
通州西站,北京市,北京市,通州区
乌兰图,北京市,北京市,通州区
北京北站,北京市,北京市,西城区
八达岭站,北京市,北京市,延庆区
八达岭长城站,北京市,北京市,延庆区
康庄站,北京市,北京市,延庆区
青龙桥站,北京市,北京市,延庆区
延庆北站,北京市,北京市,延庆区
延庆站,北京市,北京市,延庆区
福州南站,福建省,福州市,仓山区
福清站,福建省,福州市,福清市
福州站,福建省,福州市,晋安区
连江站,福建省,福州市,连江县
闽清北站,福建省,福州市,闽清县
永泰站,福建省,福州市,永泰县
长乐东站,福建省,福州市,长乐区
冠豸山南站,福建省,龙岩市,连城县
龙岩站,福建省,龙岩市,新罗区
雁石南站,福建省,龙岩市,新罗区
永定站,福建省,龙岩市,永定区
麦园站,福建省,龙岩市,漳平市
漳平西站,福建省,龙岩市,漳平市
长汀南站,福建省,龙岩市,长汀县
光泽站,福建省,南平市,光泽县
建瓯东站,福建省,南平市,建瓯市
建瓯西站,福建省,南平市,建瓯市
建瓯站,福建省,南平市,建瓯市
建阳站,福建省,南平市,建阳区
南平市站,福建省,南平市,建阳区
邵武站,福建省,南平市,邵武市
武夷山北站,福建省,南平市,武夷山市
武夷山站,福建省,南平市,武夷山市
延平西站,福建省,南平市,延平区
福鼎站,福建省,宁德市,福鼎市
太姥山站,福建省,宁德市,福鼎市
古田北站,福建省,宁德市,古田县
古田站,福建省,宁德市,古田县
宁德站,福建省,宁德市,蕉城区
霞浦站,福建省,宁德市,霞浦县
周宁站,福建省,宁德市,周宁县
涵江站,福建省,莆田市,涵江区
仙游站,福建省,莆田市,仙游县
莆田站,福建省,莆田市,秀屿区
安溪东站,福建省,泉州市,安溪县
泉州站,福建省,泉州市,丰泽区
惠安站,福建省,泉州市,惠安县
泉州东站,福建省,泉州市,惠安县
晋江站,福建省,泉州市,晋江市
南安北站,福建省,泉州市,南安市
永春站,福建省,泉州市,永春县
建宁南站,福建省,三明市,建宁县
建宁县北站,福建省,三明市,建宁县
将乐站,福建省,三明市,将乐县
宁化站,福建省,三明市,宁化县
三明站,福建省,三明市,三元区
三明北站,福建省,三明市,沙县区
泰宁站,福建省,三明市,泰宁县
永安南站,福建省,三明市,永安市
尤溪站,福建省,三明市,尤溪县
厦门高崎站,福建省,厦门市,湖里区
厦门北站,福建省,厦门市,集美区
厦门站,福建省,厦门市,思明区
漳州站,福建省,漳州市,龙海区
漳州东站,福建省,漳州市,龙文区
南靖站,福建省,漳州市,南靖县
云霄站,福建省,漳州市,云霄县
漳浦站,福建省,漳州市,漳浦县
白银南站,甘肃省,白银市,白银区
白银市站,甘肃省,白银市,白银区
白银西站,甘肃省,白银市,白银区
红砂岘站,甘肃省,白银市,白银区
东湾站,甘肃省,白银市,靖远县
靖远北站,甘肃省,白银市,靖远县
靖远西站,甘肃省,白银市,靖远县
吴家川站,甘肃省,白银市,靖远县
平川西站,甘肃省,白银市,平川区
定西北站,甘肃省,定西市,安定区
定西站,甘肃省,定西市,安定区
陇西站,甘肃省,定西市,陇西县
岷县站,甘肃省,定西市,岷县
嘉峪关南站,甘肃省,嘉峪关市,嘉峪关市
嘉峪关站,甘肃省,嘉峪关市,嘉峪关市
绿化站,甘肃省,嘉峪关市,嘉峪关市
芨岭站,甘肃省,金昌市,金川区
金昌站,甘肃省,金昌市,永昌县
敦煌站,甘肃省,酒泉市,敦煌市
瓜州站,甘肃省,酒泉市,瓜州县
柳园站,甘肃省,酒泉市,瓜州县
疏勒河站,甘肃省,酒泉市,瓜州县
河东里站,甘肃省,酒泉市,金塔县
酒泉南站,甘肃省,酒泉市,肃州区
酒泉站,甘肃省,酒泉市,肃州区
低窝铺站,甘肃省,酒泉市,玉门市
玉门站,甘肃省,酒泉市,玉门市
兰州东站,甘肃省,兰州市,城关区
兰州站,甘肃省,兰州市,城关区
皋兰站,甘肃省,兰州市,皋兰县
海石湾站,甘肃省,兰州市,红古区
兰州西站,甘肃省,兰州市,七里河区
永登站,甘肃省,兰州市,永登县
中川机场站,甘肃省,兰州市,永登县
骆驼巷站,甘肃省,兰州市,榆中县
夏官营站,甘肃省,兰州市,榆中县
哈达铺站,甘肃省,陇南市,宕昌县
徽县站,甘肃省,陇南市,徽县
两当站,甘肃省,陇南市,两当县
陇南站,甘肃省,陇南市,武都区
安口窑站,甘肃省,平凉市,华亭市
平凉南站,甘肃省,平凉市,崆峒区
平凉站,甘肃省,平凉市,崆峒区
曲子站,甘肃省,庆阳市,环县
甜水堡站,甘肃省,庆阳市,环县
长庆桥站,甘肃省,庆阳市,宁县
甘谷站,甘肃省,天水市,甘谷县
天水南站,甘肃省,天水市,麦积区
天水站,甘肃省,天水市,麦积区
渭南镇站,甘肃省,天水市,麦积区
武山站,甘肃省,天水市,武山县
黄羊镇站,甘肃省,武威市,凉州区
武威南站,甘肃省,武威市,凉州区
张掖西站,甘肃省,张掖市,甘州区
张掖站,甘肃省,张掖市,甘州区
许三湾站,甘肃省,张掖市,高台县
临泽南站,甘肃省,张掖市,临泽县
山丹马场站,甘肃省,张掖市,山丹县
山丹站,甘肃省,张掖市,山丹县
镜铁山站,甘肃省,张掖市,肃南裕固族自治县
潮汕站,广东省,潮州市,潮安区
潮州站,广东省,潮州市,潮安区
饶平站,广东省,潮州市,饶平县
常平东站,广东省,东莞市,东莞市
常平站,广东省,东莞市,东莞市
东莞东站,广东省,东莞市,东莞市
东莞南站,广东省,东莞市,东莞市
东莞西站,广东省,东莞市,东莞市
东莞站,广东省,东莞市,东莞市
虎门北站,广东省,东莞市,东莞市
虎门东站,广东省,东莞市,东莞市
虎门站,广东省,东莞市,东莞市
松山湖北站,广东省,东莞市,东莞市
银瓶站,广东省,东莞市,东莞市
樟木头站,广东省,东莞市,东莞市
中堂站,广东省,东莞市,东莞市
佛山站,广东省,佛山市,禅城区
佛山西站,广东省,佛山市,南海区
狮山北站,广东省,佛山市,南海区
三水北站,广东省,佛山市,三水区
三水南站,广东省,佛山市,三水区
云东海站,广东省,佛山市,三水区
北滘站,广东省,佛山市,顺德区
容桂站,广东省,佛山市,顺德区
顺德学院站,广东省,佛山市,顺德区
顺德站,广东省,佛山市,顺德区
广州南站,广东省,广州市,番禺区
白云机场北站,广东省,广州市,花都区
广州北站,广东省,广州市,花都区
狮岭站,广东省,广州市,花都区
广州西站,广东省,广州市,荔湾区
庆盛站,广东省,广州市,南沙区
广州东站,广东省,广州市,天河区
广州站,广东省,广州市,越秀区
新塘南站,广东省,广州市,增城区
河源北站,广东省,河源市,东源县
龙川西站,广东省,河源市,龙川县
龙川站,广东省,河源市,龙川县
河源站,广东省,河源市,源城区
河源东站,广东省,河源市,紫金县
博罗北站,广东省,惠州市,博罗县
石坝站,广东省,惠州市,博罗县
陈江南站,广东省,惠州市,惠城区
惠州北站,广东省,惠州市,惠城区
惠州西站,广东省,惠州市,惠城区
惠州站,广东省,惠州市,惠城区
小金口站,广东省,惠州市,惠城区
仲恺站,广东省,惠州市,惠城区
惠东站,广东省,惠州市,惠东县
惠州南站,广东省,惠州市,惠阳区
江门东站,广东省,江门市,江海区
开平南站,广东省,江门市,开平市
台山站,广东省,江门市,台山市
新会站,广东省,江门市,新会区
普宁站,广东省,揭阳市,普宁市
揭阳机场站,广东省,揭阳市,榕城区
揭阳南站,广东省,揭阳市,榕城区
马踏站,广东省,茂名市,电白区
高州站,广东省,茂名市,高州市
化州站,广东省,茂名市,化州市
茂名西站,广东省,茂名市,茂南区
茂名站,广东省,茂名市,茂南区
信宜站,广东省,茂名市,信宜市
大埔站,广东省,梅州市,大埔县
丰顺站,广东省,梅州市,丰顺县
梅州站,广东省,梅州市,梅江区
梅州西站,广东省,梅州市,梅县区
畲江北站,广东省,梅州市,梅县区
华城站,广东省,梅州市,五华县
兴宁站,广东省,梅州市,兴宁市
清远站,广东省,清远市,清城区
源潭站,广东省,清远市,清城区
英德西站,广东省,清远市,英德市
英德站,广东省,清远市,英德市
汕头站,广东省,汕头市,龙湖区
汕尾站,广东省,汕尾市,城区
陆丰站,广东省,汕尾市,陆丰市
乐昌东站,广东省,韶关市,乐昌市
乐昌站,广东省,韶关市,乐昌市
坪石站,广东省,韶关市,乐昌市
南雄站,广东省,韶关市,南雄市
始兴站,广东省,韶关市,始兴县
韶关站,广东省,韶关市,武江区
韶关东站,广东省,韶关市,浈江区
深圳机场北站,广东省,深圳市,宝安区
福田站,广东省,深圳市,福田区
光明城站,广东省,深圳市,光明区
平湖站,广东省,深圳市,龙岗区
深圳东站,广东省,深圳市,龙岗区
深圳坪山站,广东省,深圳市,龙岗区
深圳北站,广东省,深圳市,龙华区
深圳站,广东省,深圳市,罗湖区
深圳西站,广东省,深圳市,南山区
春湾站,广东省,阳江市,阳春市
阳春站,广东省,阳江市,阳春市
阳东站,广东省,阳江市,阳东区
阳西站,广东省,阳江市,阳西县
新兴县站,广东省,云浮市,新兴县
郁南站,广东省,云浮市,郁南县
云浮东站,广东省,云浮市,云安区
雷州站,广东省,湛江市,雷州市
河唇站,广东省,湛江市,廉江市
廉江站,广东省,湛江市,廉江市
湛江西站,广东省,湛江市,麻章区
遂溪站,广东省,湛江市,遂溪县
吴川站,广东省,湛江市,吴川市
湛江站,广东省,湛江市,霞山区
徐闻站,广东省,湛江市,徐闻县
鼎湖东站,广东省,肇庆市,鼎湖区
肇庆东站,广东省,肇庆市,鼎湖区
肇庆站,广东省,肇庆市,端州区
大旺站,广东省,肇庆市,四会市
小榄站,广东省,中山市,中山市
中山站,广东省,中山市,中山市
横琴北站,广东省,珠海市,香洲区
十字门站,广东省,珠海市,香洲区
唐家湾站,广东省,珠海市,香洲区
珠海北站,广东省,珠海市,香洲区
珠海站,广东省,珠海市,香洲区
德保站,广西壮族自治区,百色市,德保县
靖西站,广西壮族自治区,百色市,靖西市
平果站,广西壮族自治区,百色市,平果市
田东北站,广西壮族自治区,百色市,田东县
田东站,广西壮族自治区,百色市,田东县
田阳站,广西壮族自治区,百色市,田阳区
百色站,广西壮族自治区,百色市,右江区
北海站,广西壮族自治区,北海市,海城区
合浦站,广西壮族自治区,北海市,合浦县
扶绥南站,广西壮族自治区,崇左市,扶绥县
扶绥站,广西壮族自治区,崇左市,扶绥县
渠黎站,广西壮族自治区,崇左市,扶绥县
崇左南站,广西壮族自治区,崇左市,江州区
崇左站,广西壮族自治区,崇左市,江州区
宁明站,广西壮族自治区,崇左市,宁明县
凭祥站,广西壮族自治区,崇左市,凭祥市
夏石站,广西壮族自治区,崇左市,凭祥市
防城港北站,广西壮族自治区,防城港市,防城区
贵港站,广西壮族自治区,贵港市,港北区
桂平站,广西壮族自治区,贵港市,桂平市
平南南站,广西壮族自治区,贵港市,平南县
桂林北站,广西壮族自治区,桂林市,叠彩区
桂林西站,广西壮族自治区,桂林市,灵川县
全州南站,广西壮族自治区,桂林市,全州县
桂林站,广西壮族自治区,桂林市,象山区
兴安站,广西壮族自治区,桂林市,兴安县
阳朔站,广西壮族自治区,桂林市,阳朔县
金城江站,广西壮族自治区,河池市,金城江区
南丹站,广西壮族自治区,河池市,南丹县
宜州站,广西壮族自治区,河池市,宜州区
富川站,广西壮族自治区,贺州市,富川瑶族自治县
贺州站,广西壮族自治区,贺州市,平桂区
钟山西站,广西壮族自治区,贺州市,钟山县
来宾北站,广西壮族自治区,来宾市,兴宾区
来宾站,广西壮族自治区,来宾市,兴宾区
柳江站,广西壮族自治区,柳州市,柳江区
柳州站,广西壮族自治区,柳州市,柳南区
鹿寨北站,广西壮族自治区,柳州市,鹿寨县
鹿寨站,广西壮族自治区,柳州市,鹿寨县
融安站,广西壮族自治区,柳州市,融安县
融水站,广西壮族自治区,柳州市,融水苗族自治县
三江县站,广西壮族自治区,柳州市,三江侗族自治县
黎塘站,广西壮族自治区,南宁市,宾阳县
吴圩机场站,广西壮族自治区,南宁市,江南区
大拟站,广西壮族自治区,南宁市,良庆区
南宁东站,广西壮族自治区,南宁市,青秀区
南宁西站,广西壮族自治区,南宁市,西乡塘区
南宁站,广西壮族自治区,南宁市,西乡塘区
钦州东站,广西壮族自治区,钦州市,钦北区
岑溪站,广西壮族自治区,梧州市,岑溪市
梧州南站,广西壮族自治区,梧州市,龙圩区
藤县站,广西壮族自治区,梧州市,藤县
梧州站,广西壮族自治区,梧州市,长洲区
北流站,广西壮族自治区,玉林市,北流市
文地站,广西壮族自治区,玉林市,博白县
陆川站,广西壮族自治区,玉林市,陆川县
容县站,广西壮族自治区,玉林市,容县
玉林站,广西壮族自治区,玉林市,玉州区
平坝南站,贵州省,安顺市,平坝区
黄桶北站,贵州省,安顺市,普定县
普定站,贵州省,安顺市,普定县
安顺西站,贵州省,安顺市,西秀区
安顺站,贵州省,安顺市,西秀区
大方南站,贵州省,毕节市,大方县
纳雍站,贵州省,毕节市,纳雍县
黔西站,贵州省,毕节市,黔西市
草海站,贵州省,毕节市,威宁彝族回族苗族自治县
织金北站,贵州省,毕节市,织金县
织金站,贵州省,毕节市,织金县
贵阳北站,贵州省,贵阳市,观山湖区
金阳客车站,贵州省,贵阳市,观山湖区
金阳南站,贵州省,贵阳市,观山湖区
花溪大学城站,贵州省,贵阳市,花溪区
贵阳站,贵州省,贵阳市,南明区
贵安站,贵州省,贵阳市,清镇市
清镇西站,贵州省,贵阳市,清镇市
贵阳东站,贵州省,贵阳市,乌当区
六枝南站,贵州省,六盘水市,六枝特区
红果站,贵州省,六盘水市,盘州市
盘州站,贵州省,六盘水市,盘州市
雨格站,贵州省,六盘水市,盘州市
六盘水东站,贵州省,六盘水市,水城区
玉舍站,贵州省,六盘水市,水城区
六盘水站,贵州省,六盘水市,钟山区
凯里南站,贵州省,黔东南苗族侗族自治州,凯里市
凯里站,贵州省,黔东南苗族侗族自治州,凯里市
镇远站,贵州省,黔东南苗族侗族自治州,镇远县
都匀东站,贵州省,黔南布依族苗族自治州,都匀市
都匀站,贵州省,黔南布依族苗族自治州,都匀市
独山站,贵州省,黔南布依族苗族自治州,独山县
麻尾站,贵州省,黔南布依族苗族自治州,独山县
福泉站,贵州省,黔南布依族苗族自治州,福泉市
贵定北站,贵州省,黔南布依族苗族自治州,贵定县
贵定站,贵州省,黔南布依族苗族自治州,贵定县
龙里北站,贵州省,黔南布依族苗族自治州,龙里县
岔江站,贵州省,黔西南布依族苗族自治州,兴义市
威舍站,贵州省,黔西南布依族苗族自治州,兴义市
兴义站,贵州省,黔西南布依族苗族自治州,兴义市
铜仁站,贵州省,铜仁市,碧江区
铜仁南站,贵州省,铜仁市,玉屏侗族自治县
玉屏站,贵州省,铜仁市,玉屏侗族自治县
朱砂古镇站,贵州省,铜仁市,玉屏侗族自治县
遵义南站,贵州省,遵义市,播州区
遵义西站,贵州省,遵义市,红花岗区
遵义站,贵州省,遵义市,红花岗区
娄山关南站,贵州省,遵义市,汇川区
桐梓北站,贵州省,遵义市,桐梓县
桐梓东站,贵州省,遵义市,桐梓县
棋子湾站,海南省,昌江黎族自治县,昌江黎族自治县
福山镇站,海南省,澄迈县,澄迈县
老城镇站,海南省,澄迈县,澄迈县
白马井站,海南省,儋州市,儋州市
海口东站,海南省,海口市,龙华区
美兰站,海南省,海口市,美兰区
海口站,海南省,海口市,秀英区
长流站,海南省,海口市,秀英区
尖峰站,海南省,乐东黎族自治县,乐东黎族自治县
乐东站,海南省,乐东黎族自治县,乐东黎族自治县
临高南站,海南省,临高县,临高县
陵水站,海南省,陵水黎族自治县,陵水黎族自治县
博鳌站,海南省,琼海市,琼海市
琼海站,海南省,琼海市,琼海市
三亚站,海南省,三亚市,吉阳区
亚龙湾站,海南省,三亚市,吉阳区
崖州站,海南省,三亚市,崖州区
神州站,海南省,万宁市,万宁市
万宁站,海南省,万宁市,万宁市
文昌站,海南省,文昌市,文昌市
定州东站,河北省,保定市,定州市
定州站,河北省,保定市,定州市
高碑店东站,河北省,保定市,高碑店市
高碑店站,河北省,保定市,高碑店市
保定站,河北省,保定市,竞秀区
野三坡站,河北省,保定市,涞水县
浮图峪站,河北省,保定市,涞源县
涞源站,河北省,保定市,涞源县
塔崖驿站,河北省,保定市,涞源县
王安镇站,河北省,保定市,涞源县
保定东站,河北省,保定市,清苑区
白洋淀站,河北省,保定市,容城县
望都站,河北省,保定市,望都县
白沟站,河北省,保定市,雄县
雄安站,河北省,保定市,雄县
徐水站,河北省,保定市,徐水区
大盘石站,河北省,保定市,易县
奇峰塔站,河北省,保定市,易县
紫荆关站,河北省,保定市,易县
庄河北站,河北省,保定市,涿州市
涿州东站,河北省,保定市,涿州市
涿州站,河北省,保定市,涿州市
沧州西站,河北省,沧州市,沧县
东光站,河北省,沧州市,东光县
河间西站,河北省,沧州市,河间市
泊头站,河北省,沧州市,泊头市
青县站,河北省,沧州市,青县
任丘站,河北省,沧州市,任丘市
肃宁站,河北省,沧州市,肃宁县
吴桥站,河北省,沧州市,吴桥县
沧州站,河北省,沧州市,新华区
承德县北站,河北省,承德市,承德县
新杖子站,河北省,承德市,承德县
超梁沟站,河北省,承德市,隆化县
隆化站,河北省,承德市,隆化县
梁底下站,河北省,承德市,滦平县
流水沟站,河北省,承德市,滦平县
滦河沿站,河北省,承德市,滦平县
滦平站,河北省,承德市,滦平县
窑上站,河北省,承德市,滦平县
平泉北站,河北省,承德市,平泉市
平泉站,河北省,承德市,平泉市
小寺沟站,河北省,承德市,平泉市
杨树岭站,河北省,承德市,平泉市
承德东站,河北省,承德市,双桥区
承德南站,河北省,承德市,双桥区
承德站,河北省,承德市,双桥区
四合永站,河北省,承德市,围场满族蒙古族自治县
洞庙河站,河北省,承德市,兴隆县
六道河子站,河北省,承德市,兴隆县
下台子站,河北省,承德市,兴隆县
兴隆县西站,河北省,承德市,兴隆县
兴隆县站,河北省,承德市,兴隆县
鹰手营子站,河北省,承德市,鹰手营子矿区
磁县站,河北省,邯郸市,磁县
邯郸东站,河北省,邯郸市,丛台区
广平站,河北省,邯郸市,广平县
邯郸站,河北省,邯郸市,邯山区
井店站,河北省,邯郸市,涉县
磁山站,河北省,邯郸市,武安市
武安站,河北省,邯郸市,武安市
阳邑站,河北省,邯郸市,武安市
景州站,河北省,衡水市,景县
饶阳站,河北省,衡水市,饶阳县
深州站,河北省,衡水市,深州市
衡水北站,河北省,衡水市,桃城区
衡水站,河北省,衡水市,桃城区
大营镇站,河北省,衡水市,枣强县
廊坊站,河北省,廊坊市,安次区
霸州北站,河北省,廊坊市,霸州市
霸州西站,河北省,廊坊市,霸州市
霸州站,河北省,廊坊市,霸州市
胜芳站,河北省,廊坊市,霸州市
固安东站,河北省,廊坊市,固安县
廊坊北站,河北省,廊坊市,广阳区
三河县站,河北省,廊坊市,三河市
燕郊站,河北省,廊坊市,三河市
文安站,河北省,廊坊市,文安县
永清东站,河北省,廊坊市,永清县
北戴河站,河北省,秦皇岛市,北戴河区
抚宁站,河北省,秦皇岛市,抚宁区
秦皇岛站,河北省,秦皇岛市,海港区
山海关站,河北省,秦皇岛市,山海关区
高邑西站,河北省,石家庄市,高邑县
高邑站,河北省,石家庄市,高邑县
藁城南站,河北省,石家庄市,藁城区
晋州站,河北省,石家庄市,晋州市
井陉站,河北省,石家庄市,井陉县
石家庄站,河北省,石家庄市,桥西区
辛集南站,河北省,石家庄市,辛集市
辛集站,河北省,石家庄市,辛集市
石家庄北站,河北省,石家庄市,新华区
新乐站,河北省,石家庄市,新乐市
石家庄东站,河北省,石家庄市,裕华区
元氏站,河北省,石家庄市,元氏县
正定机场站,河北省,石家庄市,正定县
正定站,河北省,石家庄市,正定县
曹妃甸东站,河北省,唐山市,曹妃甸区
曹妃甸港站,河北省,唐山市,曹妃甸区
南堡北站,河北省,唐山市,曹妃甸区
唐海南站,河北省,唐山市,曹妃甸区
唐山北站,河北省,唐山市,丰润区
唐山站,河北省,唐山市,路北区
滦县站,河北省,唐山市,滦州市
迁安站,河北省,唐山市,迁安市
玉田南站,河北省,唐山市,玉田县
玉田县站,河北省,唐山市,玉田县
临城站,河北省,邢台市,临城县
清河城站,河北省,邢台市,清河县
沙河市站,河北省,邢台市,沙河市
邢台东站,河北省,邢台市,襄都区
邢台站,河北省,邢台市,襄都区
柴沟堡站,河北省,张家口市,怀安县
怀安站,河北省,张家口市,怀安县
东花园北站,河北省,张家口市,怀来县
官厅西站,河北省,张家口市,怀来县
怀来站,河北省,张家口市,怀来县
沙城站,河北省,张家口市,怀来县
西八里站,河北省,张家口市,怀来县
张家口站,河北省,张家口市,桥东区
沙岭子站,河北省,张家口市,桥西区
张家口南站,河北省,张家口市,桥西区
下花园站,河北省,张家口市,下花园区
宣化北站,河北省,张家口市,宣化区
宣化站,河北省,张家口市,宣化区
安阳东站,河南省,安阳市,安阳县
安阳站,河南省,安阳市,北关区
红旗渠站,河南省,安阳市,林州市
汤阴站,河南省,安阳市,汤阴县
鹤壁东站,河南省,鹤壁市,淇滨区
鹤壁站,河南省,鹤壁市,淇滨区
济源站,河南省,济源市,济源市
焦作西站,河南省,焦作市,博爱县
月山站,河南省,焦作市,博爱县
焦作站,河南省,焦作市,解放区
沁阳站,河南省,焦作市,沁阳市
焦作东站,河南省,焦作市,武陟县
武陟站,河南省,焦作市,武陟县
修武西站,河南省,焦作市,修武县
修武站,河南省,焦作市,修武县
兰考南站,河南省,开封市,兰考县
兰考站,河南省,开封市,兰考县
开封北站,河南省,开封市,龙亭区
宋城路站,河南省,开封市,龙亭区
开封站,河南省,开封市,禹王台区
洛阳东站,河南省,洛阳市,瀍河回族区
关林站,河南省,洛阳市,洛龙区
洛阳龙门站,河南省,洛阳市,洛龙区
汝阳站,河南省,洛阳市,汝阳县
洛阳站,河南省,洛阳市,西工区
新安县站,河南省,洛阳市,新安县
偃师站,河南省,洛阳市,偃师区
临颍站,河南省,漯河市,临颍县
漯河西站,河南省,漯河市,源汇区
漯河站,河南省,漯河市,召陵区
邓州东站,河南省,南阳市,邓州市
邓州站,河南省,南阳市,邓州市
南召站,河南省,南阳市,南召县
内乡站,河南省,南阳市,内乡县
唐河站,河南省,南阳市,唐河县
桐柏站,河南省,南阳市,桐柏县
南阳东站,河南省,南阳市,宛城区
南阳站,河南省,南阳市,卧龙区
西峡站,河南省,南阳市,西峡县
镇平站,河南省,南阳市,镇平县
宝丰站,河南省,平顶山市,宝丰县
平顶山西站,河南省,平顶山市,宝丰县
鲁山站,河南省,平顶山市,鲁山县
汝州站,河南省,平顶山市,汝州市
平顶山站,河南省,平顶山市,湛河区
濮阳东站,河南省,濮阳市,华龙区
濮阳站,河南省,濮阳市,华龙区
台前站,河南省,濮阳市,台前县
三门峡站,河南省,三门峡市,湖滨区
灵宝西站,河南省,三门峡市,灵宝市
灵宝站,河南省,三门峡市,灵宝市
渑池南站,河南省,三门峡市,渑池县
渑池站,河南省,三门峡市,渑池县
三门峡南站,河南省,三门峡市,陕州区
三门峡西站,河南省,三门峡市,陕州区
义马站,河南省,三门峡市,义马市
商丘南站,河南省,商丘市,梁园区
商丘站,河南省,商丘市,梁园区
民权站,河南省,商丘市,民权县
永城北站,河南省,商丘市,永城市
商丘东站,河南省,商丘市,虞城县
虞城县站,河南省,商丘市,虞城县
新乡东站,河南省,新乡市,红旗区
获嘉站,河南省,新乡市,获嘉县
新乡站,河南省,新乡市,卫滨区
卫辉南站,河南省,新乡市,卫辉市
卫辉站,河南省,新乡市,卫辉市
新乡南站,河南省,新乡市,原阳县
长垣站,河南省,新乡市,长垣市
固始站,河南省,信阳市,固始县
光山站,河南省,信阳市,光山县
淮滨站,河南省,信阳市,淮滨县
潢川站,河南省,信阳市,潢川县
罗山站,河南省,信阳市,罗山县
明港东站,河南省,信阳市,平桥区
信阳东站,河南省,信阳市,平桥区
信阳站,河南省,信阳市,平桥区
商城站,河南省,信阳市,商城县
息县站,河南省,信阳市,息县
新县站,河南省,信阳市,新县
许昌北站,河南省,许昌市,建安区
许昌东站,河南省,许昌市,建安区
许昌站,河南省,许昌市,魏都区
鄢陵站,河南省,许昌市,鄢陵县
长葛北站,河南省,许昌市,长葛市
长葛站,河南省,许昌市,长葛市
郑州站,河南省,郑州市,二七区
巩义南站,河南省,郑州市,巩义市
巩义站,河南省,郑州市,巩义市
南阳寨站,河南省,郑州市,惠济区
郑州东站,河南省,郑州市,金水区
新郑机场站,河南省,郑州市,新郑市
郑州西站,河南省,郑州市,荥阳市
贾鲁河站,河南省,郑州市,中牟县
中牟站,河南省,郑州市,中牟县
周口东站,河南省,周口市,川汇区
周口站,河南省,周口市,川汇区
扶沟南站,河南省,周口市,扶沟县
淮阳南站,河南省,周口市,淮阳区
沈丘北站,河南省,周口市,沈丘县
沈丘站,河南省,周口市,沈丘县
项城站,河南省,周口市,项城市
确山站,河南省,驻马店市,确山县
遂平站,河南省,驻马店市,遂平县
西平站,河南省,驻马店市,西平县
驻马店西站,河南省,驻马店市,驿城区
驻马店站,河南省,驻马店市,驿城区
立志站,黑龙江省,大庆市,大同区
林源站,黑龙江省,大庆市,大同区
太阳升站,黑龙江省,大庆市,大同区
银浪站,黑龙江省,大庆市,红岗区
大庆东站,黑龙江省,大庆市,龙凤区
卧里屯站,黑龙江省,大庆市,龙凤区
大庆西站,黑龙江省,大庆市,让胡路区
大庆站,黑龙江省,大庆市,萨尔图区
新肇站,黑龙江省,大庆市,肇源县
新林站,黑龙江省,大兴安岭地区,呼玛县
加格达奇站,黑龙江省,大兴安岭地区,加格达奇区
阿木尔站,黑龙江省,大兴安岭地区,漠河市
漠河站,黑龙江省,大兴安岭地区,漠河市
塔河站,黑龙江省,大兴安岭地区,塔河县
瓦拉干站,黑龙江省,大兴安岭地区,塔河县
阿城北站,黑龙江省,哈尔滨市,阿城区
阿城站,黑龙江省,哈尔滨市,阿城区
玉泉站,黑龙江省,哈尔滨市,阿城区
兴隆镇站,黑龙江省,哈尔滨市,巴彦县
宾西北站,黑龙江省,哈尔滨市,宾县
滨江站,黑龙江省,哈尔滨市,道外区
哈尔滨东站,黑龙江省,哈尔滨市,道外区
高楞站,黑龙江省,哈尔滨市,方正县
白奎堡站,黑龙江省,哈尔滨市,呼兰区
呼兰站,黑龙江省,哈尔滨市,呼兰区
康金井站,黑龙江省,哈尔滨市,呼兰区
沈家站,黑龙江省,哈尔滨市,呼兰区
石人城站,黑龙江省,哈尔滨市,呼兰区
哈尔滨西站,黑龙江省,哈尔滨市,南岗区
哈尔滨站,黑龙江省,哈尔滨市,南岗区
王岗站,黑龙江省,哈尔滨市,南岗区
平房站,黑龙江省,哈尔滨市,平房区
帽儿山西站,黑龙江省,哈尔滨市,尚志市
帽儿山站,黑龙江省,哈尔滨市,尚志市
尚志南站,黑龙江省,哈尔滨市,尚志市
尚志站,黑龙江省,哈尔滨市,尚志市
苇河西站,黑龙江省,哈尔滨市,尚志市
苇河站,黑龙江省,哈尔滨市,尚志市
亚布力站,黑龙江省,哈尔滨市,尚志市
一面坡北站,黑龙江省,哈尔滨市,尚志市
一面坡站,黑龙江省,哈尔滨市,尚志市
双城堡站,黑龙江省,哈尔滨市,双城区
周家站,黑龙江省,哈尔滨市,双城区
对青山站,黑龙江省,哈尔滨市,松北区
哈尔滨北站,黑龙江省,哈尔滨市,松北区
五常站,黑龙江省,哈尔滨市,五常市
成高子站,黑龙江省,哈尔滨市,香坊区
孙家站,黑龙江省,哈尔滨市,香坊区
王兆屯站,黑龙江省,哈尔滨市,香坊区
香坊站,黑龙江省,哈尔滨市,香坊区
新香坊北站,黑龙江省,哈尔滨市,香坊区
达连河站,黑龙江省,哈尔滨市,依兰县
鹤岗站,黑龙江省,鹤岗市,工农区
宝泉岭站,黑龙江省,鹤岗市,萝北县
鹤北站,黑龙江省,鹤岗市,萝北县
黑河站,黑龙江省,黑河市,爱辉区
北安站,黑龙江省,黑河市,北安市
九三站,黑龙江省,黑河市,嫩江市
嫩江站,黑龙江省,黑河市,嫩江市
孙吴站,黑龙江省,黑河市,孙吴县
襄河站,黑龙江省,黑河市,五大连池市
鸡西西站,黑龙江省,鸡西市,恒山区
东方红站,黑龙江省,鸡西市,虎林市
虎林站,黑龙江省,鸡西市,虎林市
卫星站,黑龙江省,鸡西市,虎林市
鸡东站,黑龙江省,鸡西市,鸡东县
鸡西站,黑龙江省,鸡西市,鸡冠区
西麻山站,黑龙江省,鸡西市,麻山区
寒葱沟站,黑龙江省,佳木斯市,抚远市
富锦站,黑龙江省,佳木斯市,富锦市
建三江站,黑龙江省,佳木斯市,富锦市
桦南东站,黑龙江省,佳木斯市,桦南县
桦南站,黑龙江省,佳木斯市,桦南县
佳木斯西站,黑龙江省,佳木斯市,郊区
佳木斯站,黑龙江省,佳木斯市,前进区
同江站,黑龙江省,佳木斯市,同江市
牡丹江站,黑龙江省,牡丹江市,东安区
柴河站,黑龙江省,牡丹江市,海林市
海林北站,黑龙江省,牡丹江市,海林市
海林站,黑龙江省,牡丹江市,海林市
横道河子东站,黑龙江省,牡丹江市,海林市
古城镇站,黑龙江省,牡丹江市,林口县
林口南站,黑龙江省,牡丹江市,林口县
林口站,黑龙江省,牡丹江市,林口县
鹿道站,黑龙江省,牡丹江市,宁安市
绥芬河站,黑龙江省,牡丹江市,绥芬河市
磨刀石站,黑龙江省,牡丹江市,阳明区
勃利站,黑龙江省,七台河市,勃利县
七台河西站,黑龙江省,七台河市,勃利县
倭肯站,黑龙江省,七台河市,勃利县
杏树站,黑龙江省,七台河市,勃利县
七台河站,黑龙江省,七台河市,新兴区
昂昂溪站,黑龙江省,齐齐哈尔市,昂昂溪区
三间房站,黑龙江省,齐齐哈尔市,昂昂溪区
榆树屯站,黑龙江省,齐齐哈尔市,昂昂溪区
富拉尔基站,黑龙江省,齐齐哈尔市,富拉尔基区
克东站,黑龙江省,齐齐哈尔市,克东县
克山站,黑龙江省,齐齐哈尔市,克山县
龙江站,黑龙江省,齐齐哈尔市,龙江县
齐齐哈尔南站,黑龙江省,齐齐哈尔市,龙沙区
讷河站,黑龙江省,齐齐哈尔市,讷河市
碾子山站,黑龙江省,齐齐哈尔市,碾子山区
泰来站,黑龙江省,齐齐哈尔市,泰来县
汤池站,黑龙江省,齐齐哈尔市,泰来县
齐齐哈尔站,黑龙江省,齐齐哈尔市,铁锋区
依安站,黑龙江省,齐齐哈尔市,依安县
宝清站,黑龙江省,双鸭山市,宝清县
双鸭山西站,黑龙江省,双鸭山市,集贤县
双鸭山站,黑龙江省,双鸭山市,尖山区
红兴隆站,黑龙江省,双鸭山市,友谊县
安达站,黑龙江省,绥化市,安达市
东津站,黑龙江省,绥化市,北林区
秦家站,黑龙江省,绥化市,北林区
绥化站,黑龙江省,绥化市,北林区
东边井站,黑龙江省,绥化市,海伦市
海伦站,黑龙江省,绥化市,海伦市
庆安站,黑龙江省,绥化市,庆安县
绥棱站,黑龙江省,绥化市,绥棱县
肇东站,黑龙江省,绥化市,肇东市
新青站,黑龙江省,伊春市,丰林县
金山屯站,黑龙江省,伊春市,金林区
浩良河站,黑龙江省,伊春市,南岔县
南岔站,黑龙江省,伊春市,南岔县
汤旺河站,黑龙江省,伊春市,汤旺县
乌伊岭站,黑龙江省,伊春市,汤旺县
铁力站,黑龙江省,伊春市,铁力市
王杨站,黑龙江省,伊春市,铁力市
伊春站,黑龙江省,伊春市,伊美区
鄂州东站,湖北省,鄂州市,鄂城区
鄂州站,湖北省,鄂州市,鄂城区
葛店南站,湖北省,鄂州市,华容区
巴东站,湖北省,恩施土家族苗族自治州,巴东县
野三关站,湖北省,恩施土家族苗族自治州,巴东县
恩施站,湖北省,恩施土家族苗族自治州,恩施市
高坪站,湖北省,恩施土家族苗族自治州,建始县
建始站,湖北省,恩施土家族苗族自治州,建始县
利川站,湖北省,恩施土家族苗族自治州,利川市
红安西站,湖北省,黄冈市,红安县
黄梅东站,湖北省,黄冈市,黄梅县
黄梅站,湖北省,黄冈市,黄梅县
黄冈东站,湖北省,黄冈市,黄州区
黄冈西站,湖北省,黄冈市,黄州区
黄冈站,湖北省,黄冈市,黄州区
黄州站,湖北省,黄冈市,黄州区
麻城北站,湖北省,黄冈市,麻城市
麻城站,湖北省,黄冈市,麻城市
蕲春南站,湖北省,黄冈市,蕲春县
蕲春站,湖北省,黄冈市,蕲春县
武穴北站,湖北省,黄冈市,武穴市
武穴站,湖北省,黄冈市,武穴市
浠水南站,湖北省,黄冈市,浠水县
大冶北站,湖北省,黄石市,大冶市
黄石东站,湖北省,黄石市,西塞山区
黄石北站,湖北省,黄石市,下陆区
阳新站,湖北省,黄石市,阳新县
荆门站,湖北省,荆门市,东宝区
京山站,湖北省,荆门市,京山市
钟祥站,湖北省,荆门市,钟祥市
荆州站,湖北省,荆州市,荆州区
松滋站,湖北省,荆州市,松滋市
潜江站,湖北省,潜江市,潜江市
神农架站,湖北省,神农架林区,神农架林区
丹江口站,湖北省,十堰市,丹江口市
武当山西站,湖北省,十堰市,丹江口市
武当山站,湖北省,十堰市,丹江口市
白浪站,湖北省,十堰市,茅箭区
十堰站,湖北省,十堰市,茅箭区
十堰东站,湖北省,十堰市,张湾区
随州南站,湖北省,随州市,曾都区
随州站,湖北省,随州市,曾都区
广水站,湖北省,随州市,广水市
天门南站,湖北省,天门市,天门市
武汉站,湖北省,武汉市,洪山区
汉口站,湖北省,武汉市,江汉区
汤逊湖站,湖北省,武汉市,江夏区
乌龙泉南站,湖北省,武汉市,江夏区
武汉东站,湖北省,武汉市,江夏区
武昌站,湖北省,武汉市,武昌区
仙桃西站,湖北省,仙桃市,仙桃市
赤壁北站,湖北省,咸宁市,赤壁市
赤壁站,湖北省,咸宁市,赤壁市
咸宁北站,湖北省,咸宁市,咸安区
咸宁东站,湖北省,咸宁市,咸安区
咸宁南站,湖北省,咸宁市,咸安区
咸宁站,湖北省,咸宁市,咸安区
襄阳站,湖北省,襄阳市,樊城区
襄阳东站,湖北省,襄阳市,襄州区
宜城站,湖北省,襄阳市,宜城市
枣阳站,湖北省,襄阳市,枣阳市
安陆西站,湖北省,孝感市,安陆市
安陆站,湖北省,孝感市,安陆市
孝感北站,湖北省,孝感市,大悟县
汉川站,湖北省,孝感市,汉川市
花园站,湖北省,孝感市,孝昌县
孝感东站,湖北省,孝感市,孝南区
孝感站,湖北省,孝感市,孝南区
应城站,湖北省,孝感市,应城市
云梦站,湖北省,孝感市,云梦县
当阳站,湖北省,宜昌市,当阳市
宜昌东站,湖北省,宜昌市,伍家岗区
枝城站,湖北省,宜昌市,宜都市
枝江北站,湖北省,宜昌市,枝江市
汉寿南站,湖南省,常德市,汉寿县
澧县站,湖南省,常德市,澧县
临澧站,湖南省,常德市,临澧县
石门县北站,湖南省,常德市,石门县
常德站,湖南省,常德市,武陵区
安仁站,湖南省,郴州市,安仁县
郴州西站,湖南省,郴州市,北湖区
郴州站,湖南省,郴州市,北湖区
衡山站,湖南省,衡阳市,衡东县
衡山西站,湖南省,衡阳市,衡山县
耒阳西站,湖南省,衡阳市,耒阳市
耒阳站,湖南省,衡阳市,耒阳市
祁东站,湖南省,衡阳市,祁东县
衡阳东站,湖南省,衡阳市,珠晖区
衡阳站,湖南省,衡阳市,珠晖区
怀化南站,湖南省,怀化市,鹤城区
怀化站,湖南省,怀化市,鹤城区
安江东站,湖南省,怀化市,洪江市
会同站,湖南省,怀化市,会同县
靖州站,湖南省,怀化市,靖州苗族侗族自治县
麻阳西站,湖南省,怀化市,麻阳苗族自治县
麻阳站,湖南省,怀化市,麻阳苗族自治县
新晃西站,湖南省,怀化市,新晃侗族自治县
低庄站,湖南省,怀化市,溆浦县
溆浦南站,湖南省,怀化市,溆浦县
溆浦站,湖南省,怀化市,溆浦县
冷水江东站,湖南省,娄底市,冷水江市
涟源站,湖南省,娄底市,涟源市
娄底南站,湖南省,娄底市,娄星区
娄底站,湖南省,娄底市,娄星区
双峰北站,湖南省,娄底市,双峰县
新化南站,湖南省,娄底市,新化县
新化站,湖南省,娄底市,新化县
邵阳站,湖南省,邵阳市,大祥区
隆回站,湖南省,邵阳市,隆回县
邵东站,湖南省,邵阳市,邵东市
邵阳西站,湖南省,邵阳市,邵阳县
邵阳北站,湖南省,邵阳市,新邵县
韶山南站,湖南省,湘潭市,韶山市
韶山站,湖南省,湘潭市,韶山市
湘乡站,湖南省,湘潭市,湘乡市
湘潭北站,湖南省,湘潭市,雨湖区
湘潭站,湖南省,湘潭市,雨湖区
板塘站,湖南省,湘潭市,岳塘区
凤凰古城站,湖南省,湘西土家族苗族自治州,凤凰县
古丈西站,湖南省,湘西土家族苗族自治州,古丈县
猛洞河站,湖南省,湘西土家族苗族自治州,古丈县
吉首东站,湖南省,湘西土家族苗族自治州,吉首市
吉首站,湖南省,湘西土家族苗族自治州,吉首市
益阳南站,湖南省,益阳市,赫山区
益阳站,湖南省,益阳市,赫山区
道州站,湖南省,永州市,道县
江华站,湖南省,永州市,江华瑶族自治县
江永站,湖南省,永州市,江永县
永州站,湖南省,永州市,冷水滩区
零陵站,湖南省,永州市,零陵区
祁阳站,湖南省,永州市,祁阳市
华容站,湖南省,岳阳市,华容县
临湘站,湖南省,岳阳市,临湘市
汨罗东站,湖南省,岳阳市,汨罗市
汨罗站,湖南省,岳阳市,汨罗市
岳阳东站,湖南省,岳阳市,岳阳楼区
岳阳站,湖南省,岳阳市,岳阳楼区
慈利站,湖南省,张家界市,慈利县
桑植站,湖南省,张家界市,桑植县
张家界西站,湖南省,张家界市,永定区
张家界站,湖南省,张家界市,永定区
长沙站,湖南省,长沙市,芙蓉区
开福寺站,湖南省,长沙市,开福区
宁乡西站,湖南省,长沙市,宁乡市
宁乡站,湖南省,长沙市,宁乡市
洞井站,湖南省,长沙市,雨花区
香樟路站,湖南省,长沙市,雨花区
长沙南站,湖南省,长沙市,雨花区
茶陵南站,湖南省,株洲市,茶陵县
株洲站,湖南省,株洲市,荷塘区
醴陵东站,湖南省,株洲市,醴陵市
醴陵站,湖南省,株洲市,醴陵市
株洲南站,湖南省,株洲市,芦淞区
株洲西站,湖南省,株洲市,天元区
炎陵站,湖南省,株洲市,炎陵县
攸县南站,湖南省,株洲市,攸县
攸县站,湖南省,株洲市,攸县
白城站,吉林省,白城市,洮北区
洮南站,吉林省,白城市,洮南市
镇赉站,吉林省,白城市,镇赉县
露水河站,吉林省,白山市,抚松县
松江河站,吉林省,白山市,抚松县
白山市站,吉林省,白山市,浑江区
道清站,吉林省,白山市,浑江区
吉林站,吉林省,吉林市,昌邑区
双吉站,吉林省,吉林市,昌邑区
蛟河西站,吉林省,吉林市,蛟河市
蛟河站,吉林省,吉林市,蛟河市
磐石站,吉林省,吉林市,磐石市
烟筒山站,吉林省,吉林市,磐石市
吉舒站,吉林省,吉林市,舒兰市
舒兰站,吉林省,吉林市,舒兰市
口前站,吉林省,吉林市,永吉县
东丰站,吉林省,辽源市,东丰县
平岗站,吉林省,辽源市,东辽县
辽源站,吉林省,辽源市,龙山区
双辽站,吉林省,四平市,双辽市
四平东站,吉林省,四平市,铁东区
四平站,吉林省,四平市,铁西区
蔡家沟站,吉林省,松原市,扶余市
扶余北站,吉林省,松原市,扶余市
扶余站,吉林省,松原市,扶余市
弓棚子站,吉林省,松原市,扶余市
松原北站,吉林省,松原市,宁江区
松原站,吉林省,松原市,宁江区
查干湖站,吉林省,松原市,前郭尔罗斯蒙古族自治县
工农湖站,吉林省,松原市,乾安县
通化站,吉林省,通化市,东昌区
集安站,吉林省,通化市,集安市
梅河口站,吉林省,通化市,梅河口市
二密河站,吉林省,通化市,通化县
安图西站,吉林省,延边朝鲜族自治州,安图县
白河站,吉林省,延边朝鲜族自治州,安图县
长白山站,吉林省,延边朝鲜族自治州,安图县
敦化站,吉林省,延边朝鲜族自治州,敦化市
黄泥河站,吉林省,延边朝鲜族自治州,敦化市
珲春站,吉林省,延边朝鲜族自治州,珲春市
龙井站,吉林省,延边朝鲜族自治州,龙井市
图们北站,吉林省,延边朝鲜族自治州,图们市
图们站,吉林省,延边朝鲜族自治州,图们市
天桥岭站,吉林省,延边朝鲜族自治州,汪清县
朝阳川站,吉林省,延边朝鲜族自治州,延吉市
延吉西站,吉林省,延边朝鲜族自治州,延吉市
延吉站,吉林省,延边朝鲜族自治州,延吉市
大屯站,吉林省,长春市,朝阳区
长春南站,吉林省,长春市,朝阳区
布海站,吉林省,长春市,德惠市
德惠西站,吉林省,长春市,德惠市
德惠站,吉林省,长春市,德惠市
范家屯站,吉林省,长春市,公主岭市
公主岭南站,吉林省,长春市,公主岭市
公主岭站,吉林省,长春市,公主岭市
九台站,吉林省,长春市,九台区
龙嘉站,吉林省,长春市,九台区
米沙子站,吉林省,长春市,宽城区
一间堡站,吉林省,长春市,宽城区
长春站,吉林省,长春市,宽城区
长春西站,吉林省,长春市,绿园区
哈拉海站,吉林省,长春市,农安县
开安站,吉林省,长春市,农安县
农安站,吉林省,长春市,农安县
双阳站,吉林省,长春市,双阳区
五棵树站,吉林省,长春市,榆树市
溧阳站,江苏省,常州市,溧阳市
瓦屋山站,江苏省,常州市,溧阳市
常州站,江苏省,常州市,天宁区
戚墅堰站,江苏省,常州市,武进区
常州北站,江苏省,常州市,新北区
淮安东站,江苏省,淮安市,淮安区
淮安站,江苏省,淮安市,淮阴区
淮安南站,江苏省,淮安市,清江浦区
东海县站,江苏省,连云港市,东海县
赣榆站,江苏省,连云港市,赣榆区
连云港站,江苏省,连云港市,海州区
连云港东站,江苏省,连云港市,连云区
江宁西站,江苏省,南京市,江宁区
南京站,江苏省,南京市,玄武区
南京南站,江苏省,南京市,雨花台区
南通站,江苏省,南通市,崇川区
海安站,江苏省,南通市,海安市
海门站,江苏省,南通市,海门区
启东站,江苏省,南通市,启东市
栟茶站,江苏省,南通市,如东县
如东站,江苏省,南通市,如东县
如皋南站,江苏省,南通市,如皋市
如皋站,江苏省,南通市,如皋市
南通西站,江苏省,南通市,通州区
苏州站,江苏省,苏州市,姑苏区
苏州新区站,江苏省,苏州市,虎丘区
花桥站,江苏省,苏州市,昆山市
昆山南站,江苏省,苏州市,昆山市
昆山站,江苏省,苏州市,昆山市
阳澄湖站,江苏省,苏州市,昆山市
太仓南站,江苏省,苏州市,太仓市
苏州园区站,江苏省,苏州市,吴中区
苏州北站,江苏省,苏州市,相城区
沭阳站,江苏省,宿迁市,沭阳县
归仁站,江苏省,宿迁市,泗洪县
泗阳站,江苏省,宿迁市,泗阳县
洋河站,江苏省,宿迁市,宿城区
泰州站,江苏省,泰州市,海陵区
姜堰站,江苏省,泰州市,姜堰区
惠山站,江苏省,无锡市,惠山区
无锡站,江苏省,无锡市,梁溪区
无锡东站,江苏省,无锡市,锡山区
无锡新区站,江苏省,无锡市,新吴区
宜兴站,江苏省,无锡市,宜兴市
徐州东站,江苏省,徐州市,贾汪区
邳州东站,江苏省,徐州市,邳州市
邳州站,江苏省,徐州市,邳州市
观音机场站,江苏省,徐州市,睢宁县
新沂南站,江苏省,徐州市,新沂市
新沂站,江苏省,徐州市,新沂市
徐州站,江苏省,徐州市,云龙区
滨海港站,江苏省,盐城市,滨海县
东台站,江苏省,盐城市,东台市
阜宁东站,江苏省,盐城市,阜宁县
阜宁南站,江苏省,盐城市,阜宁县
建湖站,江苏省,盐城市,建湖县
盐城北站,江苏省,盐城市,亭湖区
盐城站,江苏省,盐城市,亭湖区
响水县站,江苏省,盐城市,响水县
高邮北站,江苏省,扬州市,高邮市
扬州东站,江苏省,扬州市,广陵区
扬州站,江苏省,扬州市,邗江区
江都站,江苏省,扬州市,江都区
仪征站,江苏省,扬州市,仪征市
丹徒站,江苏省,镇江市,丹徒区
镇江南站,江苏省,镇江市,丹徒区
丹阳北站,江苏省,镇江市,丹阳市
丹阳站,江苏省,镇江市,丹阳市
句容西站,江苏省,镇江市,句容市
镇江站,江苏省,镇江市,润州区
东乡站,江西省,抚州市,东乡区
抚州东站,江西省,抚州市,东乡区
抚州北站,江西省,抚州市,临川区
抚州站,江西省,抚州市,临川区
临川站,江西省,抚州市,临川区
南城站,江西省,抚州市,南城县
南丰站,江西省,抚州市,南丰县
大余站,江西省,赣州市,大余县
定南南站,江西省,赣州市,定南县
定南站,江西省,赣州市,定南县
赣县北站,江西省,赣州市,赣县区
会昌北站,江西省,赣州市,会昌县
龙南东站,江西省,赣州市,龙南市
龙南站,江西省,赣州市,龙南市
赣州西站,江西省,赣州市,南康区
瑞金站,江西省,赣州市,瑞金市
信丰西站,江西省,赣州市,信丰县
信丰站,江西省,赣州市,信丰县
兴国西站,江西省,赣州市,兴国县
兴国站,江西省,赣州市,兴国县
于都北站,江西省,赣州市,于都县
于都站,江西省,赣州市,于都县
赣州站,江西省,赣州市,章贡区
吉水西站,江西省,吉安市,吉水县
吉安西站,江西省,吉安市,吉州区
井冈山站,江西省,吉安市,井冈山市
龙市站,江西省,吉安市,井冈山市
吉安站,江西省,吉安市,青原区
泰和站,江西省,吉安市,泰和县
峡江站,江西省,吉安市,峡江县
新干东站,江西省,吉安市,新干县
新干站,江西省,吉安市,新干县
景德镇北站,江西省,景德镇市,珠山区
景德镇站,江西省,景德镇市,珠山区
庐山站,江西省,九江市,柴桑区
德安站,江西省,九江市,德安县
共青城站,江西省,九江市,共青城市
湖口站,江西省,九江市,湖口县
九江站,江西省,九江市,濂溪区
彭泽站,江西省,九江市,彭泽县
瑞昌西站,江西省,九江市,瑞昌市
瑞昌站,江西省,九江市,瑞昌市
永修站,江西省,九江市,永修县
南昌西站,江西省,南昌市,红谷滩区
进贤南站,江西省,南昌市,进贤县
进贤站,江西省,南昌市,进贤县
向塘站,江西省,南昌市,南昌县
南昌站,江西省,南昌市,青山湖区
萍乡站,江西省,萍乡市,安源区
萍乡北站,江西省,萍乡市,上栗县
德兴东站,江西省,上饶市,德兴市
德兴站,江西省,上饶市,德兴市
五府山站,江西省,上饶市,广信区
横峰站,江西省,上饶市,横峰县
万年站,江西省,上饶市,万年县
婺源站,江西省,上饶市,婺源县
上饶站,江西省,上饶市,信州区
弋阳站,江西省,上饶市,弋阳县
玉山站,江西省,上饶市,玉山县
分宜站,江西省,新余市,分宜县
新余北站,江西省,新余市,渝水区
新余站,江西省,新余市,渝水区
丰城东站,江西省,宜春市,丰城市
丰城南站,江西省,宜春市,丰城市
丰城站,江西省,宜春市,丰城市
高安站,江西省,宜春市,高安市
宜春站,江西省,宜春市,袁州区
樟树东站,江西省,宜春市,樟树市
贵溪站,江西省,鹰潭市,贵溪市
鹰潭北站,江西省,鹰潭市,贵溪市
鹰潭站,江西省,鹰潭市,月湖区
海城西站,辽宁省,鞍山市,海城市
海城站,辽宁省,鞍山市,海城市
西柳站,辽宁省,鞍山市,海城市
台安南站,辽宁省,鞍山市,台安县
台安站,辽宁省,鞍山市,台安县
鞍山站,辽宁省,鞍山市,铁东区
鞍山西站,辽宁省,鞍山市,铁西区
铁刹山站,辽宁省,本溪市,本溪满族自治县
小市站,辽宁省,本溪市,本溪满族自治县
五女山站,辽宁省,本溪市,桓仁满族自治县
南芬北站,辽宁省,本溪市,南芬区
南芬站,辽宁省,本溪市,南芬区
本溪站,辽宁省,本溪市,平山区
本溪湖站,辽宁省,本溪市,溪湖区
本溪新城站,辽宁省,本溪市,溪湖区
火连寨站,辽宁省,本溪市,溪湖区
石桥子站,辽宁省,本溪市,溪湖区
歪头山站,辽宁省,本溪市,溪湖区
巴图营站,辽宁省,朝阳市,北票市
奈林皋站,辽宁省,朝阳市,朝阳县
沙海站,辽宁省,朝阳市,建平县
叶柏寿站,辽宁省,朝阳市,建平县
公营子站,辽宁省,朝阳市,喀喇沁左翼蒙古族自治县
金杖子站,辽宁省,朝阳市,喀喇沁左翼蒙古族自治县
喀左站,辽宁省,朝阳市,喀喇沁左翼蒙古族自治县
刀尔登站,辽宁省,朝阳市,凌源市
凌源东站,辽宁省,朝阳市,凌源市
凌源站,辽宁省,朝阳市,凌源市
牛河梁站,辽宁省,朝阳市,凌源市
杨杖子站,辽宁省,朝阳市,凌源市
辽宁朝阳站,辽宁省,朝阳市,龙城区
大连北站,辽宁省,大连市,甘井子区
大连西站,辽宁省,大连市,甘井子区
甘井子站,辽宁省,大连市,甘井子区
南关岭站,辽宁省,大连市,甘井子区
周水子站,辽宁省,大连市,甘井子区
广宁寺站,辽宁省,大连市,金州区
金普站,辽宁省,大连市,金州区
金州站,辽宁省,大连市,金州区
三十里堡站,辽宁省,大连市,金州区
杏树屯站,辽宁省,大连市,金州区
旅顺站,辽宁省,大连市,旅顺口区
长岭子站,辽宁省,大连市,旅顺口区
皮口南站,辽宁省,大连市,普兰店区
普兰店站,辽宁省,大连市,普兰店区
松树站,辽宁省,大连市,瓦房店市
瓦房店西站,辽宁省,大连市,瓦房店市
瓦房店站,辽宁省,大连市,瓦房店市
大连站,辽宁省,大连市,中山区
大孤山站,辽宁省,丹东市,东港市
丹东西火车站,辽宁省,丹东市,东港市
凤城东站,辽宁省,丹东市,凤城市
鸡冠山站,辽宁省,丹东市,凤城市
通远堡西站,辽宁省,丹东市,凤城市
宽甸站,辽宁省,丹东市,宽甸满族自治县
五龙背东站,辽宁省,丹东市,振安区
丹东站,辽宁省,丹东市,振兴区
抚顺北站,辽宁省,抚顺市,顺城区
瓢儿屯站,辽宁省,抚顺市,望花区
大官屯站,辽宁省,抚顺市,新抚区
十家子站,辽宁省,阜新市,阜新蒙古族自治县
阜新南站,辽宁省,阜新市,海州区
清河门站,辽宁省,阜新市,清河门区
新邱站,辽宁省,阜新市,新邱区
彰武站,辽宁省,阜新市,彰武县
葫芦岛北站,辽宁省,葫芦岛市,连山区
葫芦岛站,辽宁省,葫芦岛市,连山区
东戴河站,辽宁省,葫芦岛市,绥中县
前卫站,辽宁省,葫芦岛市,绥中县
绥中北站,辽宁省,葫芦岛市,绥中县
绥中站,辽宁省,葫芦岛市,绥中县
东辛庄站,辽宁省,葫芦岛市,兴城市
兴城站,辽宁省,葫芦岛市,兴城市
沟帮子站,辽宁省,锦州市,北镇市
大虎山站,辽宁省,锦州市,黑山县
凌海南站,辽宁省,锦州市,凌海市
锦州站,辽宁省,锦州市,凌河区
锦州北站,辽宁省,锦州市,太和区
锦州南站,辽宁省,锦州市,太和区
义县西站,辽宁省,锦州市,义县
义县站,辽宁省,锦州市,义县
灯塔站,辽宁省,辽阳市,灯塔市
首山站,辽宁省,辽阳市,辽阳县
辽阳站,辽宁省,辽阳市,太子河区
盘锦北站,辽宁省,盘锦市,盘山县
盘锦站,辽宁省,盘锦市,双台子区
沈阳东站,辽宁省,沈阳市,大东区
沈阳站,辽宁省,沈阳市,和平区
深井子站,辽宁省,沈阳市,浑南区
沈阳南站,辽宁省,沈阳市,浑南区
榆树台站,辽宁省,沈阳市,浑南区
辽中站,辽宁省,沈阳市,辽中区
沈阳北站,辽宁省,沈阳市,沈河区
陈相屯站,辽宁省,沈阳市,苏家屯区
林盛堡站,辽宁省,沈阳市,苏家屯区
苏家屯站,辽宁省,沈阳市,苏家屯区
大红旗站,辽宁省,沈阳市,新民市
新民北站,辽宁省,沈阳市,新民市
新民站,辽宁省,沈阳市,新民市
大成站,辽宁省,沈阳市,于洪区
沈阳西站,辽宁省,沈阳市,于洪区
八面城站,辽宁省,铁岭市,昌图县
昌图西站,辽宁省,铁岭市,昌图县
昌图站,辽宁省,铁岭市,昌图县
开原西站,辽宁省,铁岭市,开原市
开原站,辽宁省,铁岭市,开原市
铁岭西站,辽宁省,铁岭市,铁岭县
铁岭站,辽宁省,铁岭市,银州区
鲅鱼圈站,辽宁省,营口市,鲅鱼圈区
熊岳城站,辽宁省,营口市,鲅鱼圈区
盖州西站,辽宁省,营口市,盖州市
盖州站,辽宁省,营口市,盖州市
老边站,辽宁省,营口市,老边区
营口东站,辽宁省,营口市,老边区
营口站,辽宁省,营口市,站前区
额济纳站,内蒙古自治区,阿拉善盟,额济纳旗
巴彦高勒站,内蒙古自治区,巴彦淖尔市,磴口县
临河站,内蒙古自治区,巴彦淖尔市,临河区
乌拉特前旗站,内蒙古自治区,巴彦淖尔市,乌拉特前旗
西小召站,内蒙古自治区,巴彦淖尔市,乌拉特前旗
五原站,内蒙古自治区,巴彦淖尔市,五原县
白云鄂博站,内蒙古自治区,包头市,白云鄂博矿区
包头东站,内蒙古自治区,包头市,东河区
包头站,内蒙古自治区,包头市,昆都仑区
昆都仑召站,内蒙古自治区,包头市,昆都仑区
萨拉齐站,内蒙古自治区,包头市,土默特右旗
查布嘎站,内蒙古自治区,赤峰市,阿鲁科尔沁旗
新窝铺站,内蒙古自治区,赤峰市,敖汉旗
大板站,内蒙古自治区,赤峰市,巴林右旗
林东站,内蒙古自治区,赤峰市,巴林左旗
赤峰南站,内蒙古自治区,赤峰市,红山区
平庄南站,内蒙古自治区,赤峰市,喀喇沁旗
经棚站,内蒙古自治区,赤峰市,克什克腾旗
林西站,内蒙古自治区,赤峰市,林西县
宁城站,内蒙古自治区,赤峰市,宁城县
天义站,内蒙古自治区,赤峰市,宁城县
平庄北站,内蒙古自治区,赤峰市,元宝山区
达拉特西站,内蒙古自治区,鄂尔多斯市,达拉特旗
东胜东站,内蒙古自治区,鄂尔多斯市,东胜区
东胜西站,内蒙古自治区,鄂尔多斯市,东胜区
纳林河站,内蒙古自治区,鄂尔多斯市,乌审旗
鄂尔多斯站,内蒙古自治区,鄂尔多斯市,伊金霍洛旗
准格尔站,内蒙古自治区,鄂尔多斯市,准格尔旗
察素齐站,内蒙古自治区,呼和浩特市,土默特左旗
托克托东站,内蒙古自治区,呼和浩特市,托克托县
呼和浩特东站,内蒙古自治区,呼和浩特市,新城区
呼和浩特站,内蒙古自治区,呼和浩特市,新城区
阿里河站,内蒙古自治区,呼伦贝尔市,鄂伦春自治旗
大杨树站,内蒙古自治区,呼伦贝尔市,鄂伦春自治旗
吉文站,内蒙古自治区,呼伦贝尔市,鄂伦春自治旗
克一河站,内蒙古自治区,呼伦贝尔市,鄂伦春自治旗
小扬气站,内蒙古自治区,呼伦贝尔市,鄂伦春自治旗
大雁站,内蒙古自治区,呼伦贝尔市,鄂温克族自治旗
得耳布尔站,内蒙古自治区,呼伦贝尔市,根河市
根河站,内蒙古自治区,呼伦贝尔市,根河市
海拉尔站,内蒙古自治区,呼伦贝尔市,海拉尔区
满洲里站,内蒙古自治区,呼伦贝尔市,满洲里市
嵯岗站,内蒙古自治区,呼伦贝尔市,新巴尔虎左旗
博克图站,内蒙古自治区,呼伦贝尔市,牙克石市
图里河站,内蒙古自治区,呼伦贝尔市,牙克石市
乌尔旗汗站,内蒙古自治区,呼伦贝尔市,牙克石市
牙克石站,内蒙古自治区,呼伦贝尔市,牙克石市
伊图里河站,内蒙古自治区,呼伦贝尔市,牙克石市
扎赉诺尔西站,内蒙古自治区,呼伦贝尔市,扎赉诺尔区
成吉思汗站,内蒙古自治区,呼伦贝尔市,扎兰屯市
扎兰屯站,内蒙古自治区,呼伦贝尔市,扎兰屯市
珠斯花站,内蒙古自治区,通辽市,霍林郭勒市
开鲁站,内蒙古自治区,通辽市,开鲁县
木里图站,内蒙古自治区,通辽市,科尔沁区
通辽站,内蒙古自治区,通辽市,科尔沁区
余粮堡站,内蒙古自治区,通辽市,科尔沁区
甘旗卡站,内蒙古自治区,通辽市,科尔沁左翼后旗
宝龙山站,内蒙古自治区,通辽市,科尔沁左翼中旗
八仙筒站,内蒙古自治区,通辽市,奈曼旗
奈曼站,内蒙古自治区,通辽市,奈曼旗
治安站,内蒙古自治区,通辽市,奈曼旗
乌海站,内蒙古自治区,乌海市,海勃湾区
乌海西站,内蒙古自治区,乌海市,乌达区
白音察干站,内蒙古自治区,乌兰察布市,察哈尔右翼后旗
土牧尔台站,内蒙古自治区,乌兰察布市,察哈尔右翼后旗
土贵乌拉站,内蒙古自治区,乌兰察布市,察哈尔右翼前旗
丰镇站,内蒙古自治区,乌兰察布市,丰镇市
化德站,内蒙古自治区,乌兰察布市,化德县
集宁南站,内蒙古自治区,乌兰察布市,集宁区
商都站,内蒙古自治区,乌兰察布市,商都县
兴和北站,内蒙古自治区,乌兰察布市,兴和县
兴和西站,内蒙古自治区,乌兰察布市,兴和县
旗下营站,内蒙古自治区,乌兰察布市,卓资县
卓资东站,内蒙古自治区,乌兰察布市,卓资县
卓资山站,内蒙古自治区,乌兰察布市,卓资县
白音库伦站,内蒙古自治区,锡林郭勒盟,阿巴嘎旗
二连站,内蒙古自治区,锡林郭勒盟,二连浩特市
赛汗塔拉站,内蒙古自治区,锡林郭勒盟,苏尼特右旗
朱日和站,内蒙古自治区,锡林郭勒盟,苏尼特右旗
苏尼特左旗站,内蒙古自治区,锡林郭勒盟,苏尼特左旗
白音华南站,内蒙古自治区,锡林郭勒盟,西乌珠穆沁旗
西乌旗站,内蒙古自治区,锡林郭勒盟,西乌珠穆沁旗
锡林浩特站,内蒙古自治区,锡林郭勒盟,锡林浩特市
桑根达来站,内蒙古自治区,锡林郭勒盟,正蓝旗
正镶白旗站,内蒙古自治区,锡林郭勒盟,正镶白旗
阿尔山北站,内蒙古自治区,兴安盟,阿尔山市
阿尔山站,内蒙古自治区,兴安盟,阿尔山市
五叉沟站,内蒙古自治区,兴安盟,阿尔山市
伊尔施站,内蒙古自治区,兴安盟,阿尔山市
大石寨站,内蒙古自治区,兴安盟,科尔沁右翼前旗
归流河站,内蒙古自治区,兴安盟,科尔沁右翼前旗
白音胡硕站,内蒙古自治区,兴安盟,科尔沁右翼中旗
西哲里木站,内蒙古自治区,兴安盟,科尔沁右翼中旗
葛根庙站,内蒙古自治区,兴安盟,乌兰浩特市
乌兰浩特站,内蒙古自治区,兴安盟,乌兰浩特市
固原站,宁夏回族自治区,固原市,原州区
大武口站,宁夏回族自治区,石嘴山市,大武口区
汝箕沟站,宁夏回族自治区,石嘴山市,大武口区
石嘴山站,宁夏回族自治区,石嘴山市,大武口区
惠农站,宁夏回族自治区,石嘴山市,惠农区
红寺堡北站,宁夏回族自治区,吴忠市,红寺堡区
红寺堡站,宁夏回族自治区,吴忠市,红寺堡区
太阳山站,宁夏回族自治区,吴忠市,红寺堡区
大坝站,宁夏回族自治区,吴忠市,青铜峡市
青铜峡站,宁夏回族自治区,吴忠市,青铜峡市
同心站,宁夏回族自治区,吴忠市,同心县
惠安堡站,宁夏回族自治区,吴忠市,盐池县
银川站,宁夏回族自治区,银川市,金凤区
灵武北站,宁夏回族自治区,银川市,灵武市
灵武站,宁夏回族自治区,银川市,灵武市
宁东站,宁夏回族自治区,银川市,灵武市
营盘水站,宁夏回族自治区,中卫市,沙坡头区
中卫南站,宁夏回族自治区,中卫市,沙坡头区
中卫站,宁夏回族自治区,中卫市,沙坡头区
大战场站,宁夏回族自治区,中卫市,中宁县
中宁东站,宁夏回族自治区,中卫市,中宁县
中宁南站,宁夏回族自治区,中卫市,中宁县
中宁站,宁夏回族自治区,中卫市,中宁县
海晏站,青海省,海北藏族自治州,海晏县
门源站,青海省,海北藏族自治州,门源回族自治县
海东站,青海省,海东市,乐都区
乐都站,青海省,海东市,乐都区
海东西站,青海省,海东市,平安区
德令哈站,青海省,海西蒙古族藏族自治州,德令哈市
格尔木站,青海省,海西蒙古族藏族自治州,格尔木市
西宁站,青海省,西宁市,城东区
湟源站,青海省,西宁市,湟源县
滨州站,山东省,滨州市,滨城区
博兴站,山东省,滨州市,博兴县
阳信站,山东省,滨州市,阳信县
德州东站,山东省,德州市,德城区
德州站,山东省,德州市,德城区
陵城站,山东省,德州市,陵城区
平原东站,山东省,德州市,平原县
平原站,山东省,德州市,平原县
晏城站,山东省,德州市,齐河县
禹城东站,山东省,德州市,禹城市
禹城站,山东省,德州市,禹城市
东营南站,山东省,东营市,东营区
东营站,山东省,东营市,东营区
利津南站,山东省,东营市,利津县
曹县站,山东省,菏泽市,曹县
定陶站,山东省,菏泽市,定陶区
菏泽东站,山东省,菏泽市,定陶区
东明县站,山东省,菏泽市,东明县
巨野北站,山东省,菏泽市,巨野县
巨野站,山东省,菏泽市,巨野县
鄄城站,山东省,菏泽市,鄄城县
菏泽站,山东省,菏泽市,牡丹区
郓城站,山东省,菏泽市,郓城县
济南西站,山东省,济南市,槐荫区
莱芜北站,山东省,济南市,莱芜区
莱芜东站,山东省,济南市,莱芜区
雪野站,山东省,济南市,莱芜区
济南东站,山东省,济南市,历城区
历城站,山东省,济南市,历城区
商河站,山东省,济南市,商河县
大明湖站,山东省,济南市,天桥区
济南站,山东省,济南市,天桥区
章丘北站,山东省,济南市,章丘区
章丘南站,山东省,济南市,章丘区
章丘站,山东省,济南市,章丘区
嘉祥北站,山东省,济宁市,嘉祥县
嘉祥站,山东省,济宁市,嘉祥县
梁山站,山东省,济宁市,梁山县
曲阜东站,山东省,济宁市,曲阜市
曲阜南站,山东省,济宁市,曲阜市
曲阜站,山东省,济宁市,曲阜市
济宁北站,山东省,济宁市,任城区
济宁站,山东省,济宁市,任城区
泗水南站,山东省,济宁市,泗水县
泗水站,山东省,济宁市,泗水县
济宁东站,山东省,济宁市,兖州区
兖州站,山东省,济宁市,兖州区
邹城站,山东省,济宁市,邹城市
聊城站,山东省,聊城市,东昌府区
临清站,山东省,聊城市,临清市
阳谷站,山东省,聊城市,阳谷县
费县北站,山东省,临沂市,费县
费县站,山东省,临沂市,费县
临沂东站,山东省,临沂市,河东区
莒南北站,山东省,临沂市,莒南县
莒南站,山东省,临沂市,莒南县
厉家寨站,山东省,临沂市,莒南县
坪上站,山东省,临沂市,莒南县
兰陵北站,山东省,临沂市,兰陵县
临沂北站,山东省,临沂市,兰山区
临沂站,山东省,临沂市,兰山区
平邑站,山东省,临沂市,平邑县
郯城站,山东省,临沂市,郯城县
沂南站,山东省,临沂市,沂南县
沂水站,山东省,临沂市,沂水县
城阳站,山东省,青岛市,城阳区
董家口站,山东省,青岛市,黄岛区
青岛西站,山东省,青岛市,黄岛区
即墨北站,山东省,青岛市,即墨区
蓝村站,山东省,青岛市,即墨区
胶州北站,山东省,青岛市,胶州市
胶州站,山东省,青岛市,胶州市
青岛机场站,山东省,青岛市,胶州市
莱西南站,山东省,青岛市,莱西市
莱西站,山东省,青岛市,莱西市
青岛北站,山东省,青岛市,李沧区
平度西站,山东省,青岛市,平度市
平度站,山东省,青岛市,平度市
青岛站,山东省,青岛市,市南区
日照西站,山东省,日照市,东港区
日照站,山东省,日照市,东港区
莒县站,山东省,日照市,莒县
岚山西站,山东省,日照市,岚山区
五莲站,山东省,日照市,五莲县
泰安站,山东省,泰安市,岱岳区
磁窑站,山东省,泰安市,宁阳县
泰山站,山东省,泰安市,泰山区
威海北站,山东省,威海市,环翠区
威海站,山东省,威海市,环翠区
荣成站,山东省,威海市,荣成市
乳山站,山东省,威海市,乳山市
文登东站,山东省,威海市,文登区
文登站,山东省,威海市,文登区
昌乐站,山东省,潍坊市,昌乐县
高密北站,山东省,潍坊市,高密市
高密站,山东省,潍坊市,高密市
潍坊北站,山东省,潍坊市,寒亭区
青州市北站,山东省,潍坊市,青州市
青州市站,山东省,潍坊市,青州市
潍坊站,山东省,潍坊市,潍城区
诸城站,山东省,潍坊市,诸城市
烟台西站,山东省,烟台市,福山区
海阳北站,山东省,烟台市,海阳市
徐家店站,山东省,烟台市,海阳市
烟台南站,山东省,烟台市,莱山区
莱阳站,山东省,烟台市,莱阳市
桃村站,山东省,烟台市,栖霞市
烟台站,山东省,烟台市,芝罘区
枣庄东站,山东省,枣庄市,市中区
滕州东站,山东省,枣庄市,滕州市
滕州站,山东省,枣庄市,滕州市
枣庄西站,山东省,枣庄市,薛城区
南博山站,山东省,淄博市,博山区
桓台站,山东省,淄博市,桓台县
临淄北站,山东省,淄博市,临淄区
南仇站,山东省,淄博市,临淄区
淄博北站,山东省,淄博市,张店区
淄博站,山东省,淄博市,张店区
黑旺站,山东省,淄博市,淄川区
灵丘站,山西省,大同市,灵丘县
平型关站,山西省,大同市,灵丘县
云彩岭站,山西省,大同市,灵丘县
大同南站,山西省,大同市,平城区
大同站,山西省,大同市,平城区
天镇站,山西省,大同市,天镇县
阳高南站,山西省,大同市,阳高县
阳高站,山西省,大同市,阳高县
晋城站,山西省,晋城市,城区
高平东站,山西省,晋城市,高平市
高平站,山西省,晋城市,高平市
晋城北站,山西省,晋城市,泽州县
晋城东站,山西省,晋城市,泽州县
介休东站,山西省,晋中市,介休市
介休站,山西省,晋中市,介休市
灵石东站,山西省,晋中市,灵石县
平遥古城站,山西省,晋中市,平遥县
平遥站,山西省,晋中市,平遥县
祁县东站,山西省,晋中市,祁县
祁县站,山西省,晋中市,祁县
寿阳站,山西省,晋中市,寿阳县
太谷东站,山西省,晋中市,太谷区
太谷西站,山西省,晋中市,太谷区
太谷站,山西省,晋中市,太谷区
榆次站,山西省,晋中市,榆次区
榆社西站,山西省,晋中市,榆社县
榆社站,山西省,晋中市,榆社县
洪洞西站,山西省,临汾市,洪洞县
洪洞站,山西省,临汾市,洪洞县
侯马西站,山西省,临汾市,侯马市
侯马站,山西省,临汾市,侯马市
霍州东站,山西省,临汾市,霍州市
霍州站,山西省,临汾市,霍州市
襄汾西站,山西省,临汾市,襄汾县
襄汾站,山西省,临汾市,襄汾县
临汾西站,山西省,临汾市,尧都区
临汾站,山西省,临汾市,尧都区
汾阳站,山西省,吕梁市,汾阳市
交城站,山西省,吕梁市,交城县
吕梁站,山西省,吕梁市,离石区
白文东站,山西省,吕梁市,临县
文水站,山西省,吕梁市,文水县
兑镇站,山西省,吕梁市,孝义市
孝西站,山西省,吕梁市,孝义市
怀仁东站,山西省,朔州市,怀仁市
怀仁站,山西省,朔州市,怀仁市
神头站,山西省,朔州市,朔城区
朔州站,山西省,朔州市,朔城区
应县站,山西省,朔州市,应县
古交站,山西省,太原市,古交市
镇城底站,山西省,太原市,古交市
汾河站,山西省,太原市,尖草坪区
太原北站,山西省,太原市,尖草坪区
清徐站,山西省,太原市,清徐县
北营站,山西省,太原市,小店区
太原南站,山西省,太原市,小店区
太原东站,山西省,太原市,杏花岭区
阳曲西站,山西省,太原市,阳曲县
阳曲站,山西省,太原市,阳曲县
太原站,山西省,太原市,迎泽区
定襄站,山西省,忻州市,定襄县
河边站,山西省,忻州市,定襄县
东淤地站,山西省,忻州市,繁峙县
五台山站,山西省,忻州市,繁峙县
宁武站,山西省,忻州市,宁武县
五寨站,山西省,忻州市,五寨县
忻州西站,山西省,忻州市,忻府区
忻州站,山西省,忻州市,忻府区
原平西站,山西省,忻州市,原平市
原平站,山西省,忻州市,原平市
阳泉站,山西省,阳泉市,城区
阳泉东站,山西省,阳泉市,郊区
娘子关站,山西省,阳泉市,平定县
阳泉北站,山西省,阳泉市,盂县
河津站,山西省,运城市,河津市
稷山站,山西省,运城市,稷山县
东镇站,山西省,运城市,闻喜县
闻喜西站,山西省,运城市,闻喜县
闻喜站,山西省,运城市,闻喜县
新绛站,山西省,运城市,新绛县
运城北站,山西省,运城市,盐湖区
运城站,山西省,运城市,盐湖区
永济站,山西省,运城市,永济市
黎城站,山西省,长治市,黎城县
微子镇站,山西省,长治市,潞城区
长治北站,山西省,长治市,潞州区
长治东站,山西省,长治市,潞州区
长治站,山西省,长治市,潞州区
沁县站,山西省,长治市,沁县
长治南站,山西省,长治市,上党区
武乡东站,山西省,长治市,武乡县
襄垣东站,山西省,长治市,襄垣县
安康站,陕西省,安康市,汉滨区
汉阴站,陕西省,安康市,汉阴县
石泉县站,陕西省,安康市,石泉县
旬阳北站,陕西省,安康市,旬阳市
紫阳站,陕西省,安康市,紫阳县
虢镇站,陕西省,宝鸡市,陈仓区
凤县站,陕西省,宝鸡市,凤县
凤州站,陕西省,宝鸡市,凤县
陇县站,陕西省,宝鸡市,陇县
眉县东站,陕西省,宝鸡市,眉县
蔡家坡站,陕西省,宝鸡市,岐山县
千阳站,陕西省,宝鸡市,千阳县
宝鸡南站,陕西省,宝鸡市,渭滨区
宝鸡站,陕西省,宝鸡市,渭滨区
城固北站,陕西省,汉中市,城固县
城固站,陕西省,汉中市,城固县
汉中站,陕西省,汉中市,汉台区
略阳站,陕西省,汉中市,略阳县
勉县站,陕西省,汉中市,勉县
宁强南站,陕西省,汉中市,宁强县
阳平关站,陕西省,汉中市,宁强县
西乡站,陕西省,汉中市,西乡县
洋县西站,陕西省,汉中市,洋县
丹凤站,陕西省,商洛市,丹凤县
商南站,陕西省,商洛市,商南县
商洛站,陕西省,商洛市,商州区
铜川东站,陕西省,铜川市,王益区
柳林镇站,陕西省,铜川市,耀州区
韦庄站,陕西省,渭南市,澄城县
富平站,陕西省,渭南市,富平县
庄里站,陕西省,渭南市,富平县
韩城站,陕西省,渭南市,韩城市
华山北站,陕西省,渭南市,华阴市
华山站,陕西省,渭南市,华阴市
孟塬站,陕西省,渭南市,华阴市
渭南北站,陕西省,渭南市,临渭区
渭南西站,陕西省,渭南市,临渭区
渭南站,陕西省,渭南市,临渭区
蒲城东站,陕西省,渭南市,蒲城县
蒲石站,陕西省,渭南市,蒲城县
潼关站,陕西省,渭南市,潼关县
鄠邑站,陕西省,西安市,鄠邑区
临潼站,陕西省,西安市,临潼区
西安北站,陕西省,西安市,未央区
西安站,陕西省,西安市,新城区
阎良站,陕西省,西安市,阎良区
西安西站,陕西省,西安市,长安区
彬州东站,陕西省,咸阳市,彬州市
彬州站,陕西省,咸阳市,彬州市
礼泉南站,陕西省,咸阳市,礼泉县
礼泉站,陕西省,咸阳市,礼泉县
乾县站,陕西省,咸阳市,乾县
咸阳北站,陕西省,咸阳市,秦都区
咸阳西站,陕西省,咸阳市,秦都区
咸阳站,陕西省,咸阳市,渭城区
武功站,陕西省,咸阳市,武功县
兴平站,陕西省,咸阳市,兴平市
杨凌站,陕西省,咸阳市,杨陵区
杨陵南站,陕西省,咸阳市,杨陵区
永寿西站,陕西省,咸阳市,永寿县
延安站,陕西省,延安市,宝塔区
富县东站,陕西省,延安市,富县
富县站,陕西省,延安市,富县
甘泉北站,陕西省,延安市,甘泉县
黄陵南站,陕西省,延安市,黄陵县
洛川东站,陕西省,延安市,洛川县
子长站,陕西省,延安市,子长市
定边站,陕西省,榆林市,定边县
靖边站,陕西省,榆林市,靖边县
米脂站,陕西省,榆林市,米脂县
神木南站,陕西省,榆林市,神木市
神木西站,陕西省,榆林市,神木市
神木站,陕西省,榆林市,神木市
绥德站,陕西省,榆林市,绥德县
榆林站,陕西省,榆林市,榆阳区
子洲站,陕西省,榆林市,子洲县
安亭北站,上海市,上海市,嘉定区
安亭西站,上海市,上海市,嘉定区
南翔北站,上海市,上海市,嘉定区
金山北站,上海市,上海市,金山区
上海站,上海市,上海市,静安区
上海虹桥站,上海市,上海市,闵行区
芦潮港站,上海市,上海市,浦东新区
上海西站,上海市,上海市,普陀区
松江南站,上海市,上海市,松江区
松江站,上海市,上海市,松江区
上海南站,上海市,上海市,徐汇区
巴中东站,四川省,巴中市,巴州区
巴中站,四川省,巴中市,巴州区
成都东站,四川省,成都市,成华区
羊马站,四川省,成都市,崇州市
都江堰站,四川省,成都市,都江堰市
离堆公园站,四川省,成都市,都江堰市
青城山站,四川省,成都市,都江堰市
简阳南站,四川省,成都市,简阳市
成都站,四川省,成都市,金牛区
彭州南站,四川省,成都市,彭州市
彭州站,四川省,成都市,彭州市
安靖站,四川省,成都市,郫都区
红光镇站,四川省,成都市,郫都区
郫县西站,四川省,成都市,郫都区
犀浦东站,四川省,成都市,郫都区
犀浦站,四川省,成都市,郫都区
青白江东站,四川省,成都市,青白江区
成都西站,四川省,成都市,青羊区
双流机场站,四川省,成都市,双流区
双流西站,四川省,成都市,双流区
成都南站,四川省,成都市,武侯区
清流站,四川省,成都市,新都区
新津南站,四川省,成都市,新津区
新津站,四川省,成都市,新津区
石梯站,四川省,达州市,达川区
开江站,四川省,达州市,开江县
渠县站,四川省,达州市,渠县
三汇镇站,四川省,达州市,渠县
土溪站,四川省,达州市,渠县
达州站,四川省,达州市,通川区
双龙站,四川省,达州市,通川区
万源站,四川省,达州市,万源市
广汉北站,四川省,德阳市,广汉市
德阳站,四川省,德阳市,旌阳区
罗江东站,四川省,德阳市,罗江区
广安站,四川省,广安市,前锋区
武胜站,四川省,广安市,武胜县
苍溪站,四川省,广元市,苍溪县
朝天南站,四川省,广元市,朝天区
朝天站,四川省,广元市,朝天区
剑门关站,四川省,广元市,剑阁县
广元站,四川省,广元市,利州区
姚渡站,四川省,广元市,青川县
竹园坝站,四川省,广元市,青川县
峨边南站,四川省,乐山市,峨边彝族自治县
峨眉山站,四川省,乐山市,峨眉山市
峨眉站,四川省,乐山市,峨眉山市
乐山北站,四川省,乐山市,夹江县
乐山站,四川省,乐山市,市中区
德昌西站,四川省,凉山彝族自治州,德昌县
德昌站,四川省,凉山彝族自治州,德昌县
甘洛南站,四川省,凉山彝族自治州,甘洛县
甘洛站,四川省,凉山彝族自治州,甘洛县
西昌西站,四川省,凉山彝族自治州,西昌市
西昌站,四川省,凉山彝族自治州,西昌市
喜德西站,四川省,凉山彝族自治州,喜德县
乃托站,四川省,凉山彝族自治州,越西县
普雄站,四川省,凉山彝族自治州,越西县
泸州东站,四川省,泸州市,泸县
兴隆站,四川省,泸州市,叙永县
眉山东站,四川省,眉山市,东坡区
眉山站,四川省,眉山市,东坡区
彭山北站,四川省,眉山市,彭山区
彭山站,四川省,眉山市,彭山区
绵阳站,四川省,绵阳市,涪城区
江油北站,四川省,绵阳市,江油市
江油站,四川省,绵阳市,江油市
阆中站,四川省,南充市,阆中市
南部站,四川省,南充市,南部县
蓬安站,四川省,南充市,蓬安县
南充北站,四川省,南充市,顺庆区
南充站,四川省,南充市,顺庆区
营山站,四川省,南充市,营山县
内江北站,四川省,内江市,东兴区
隆昌北站,四川省,内江市,隆昌市
隆昌站,四川省,内江市,隆昌市
内江东站,四川省,内江市,市中区
内江站,四川省,内江市,市中区
资中北站,四川省,内江市,资中县
米易东站,四川省,攀枝花市,米易县
拉鲊站,四川省,攀枝花市,仁和区
攀枝花南站,四川省,攀枝花市,仁和区
攀枝花站,四川省,攀枝花市,仁和区
遂宁站,四川省,遂宁市,船山区
大英东站,四川省,遂宁市,大英县
蓬溪站,四川省,遂宁市,蓬溪县
汉源站,四川省,雅安市,汉源县
名山站,四川省,雅安市,名山区
宜宾站,四川省,宜宾市,翠屏区
宜宾西站,四川省,宜宾市,叙州区
资阳北站,四川省,资阳市,雁江区
自贡北站,四川省,自贡市,大安区
自贡站,四川省,自贡市,沿滩区
宝坻北站,天津市,天津市,宝坻区
宝坻南站,天津市,天津市,宝坻区
大口屯站,天津市,天津市,宝坻区
滨海北站,天津市,天津市,滨海新区
滨海西站,天津市,天津市,滨海新区
汉沽站,天津市,天津市,滨海新区
塘沽站,天津市,天津市,滨海新区
军粮城北站,天津市,天津市,东丽区
天津北站,天津市,天津市,河北区
天津站,天津市,天津市,河北区
天津西站,天津市,天津市,红桥区
蓟州北站,天津市,天津市,蓟州区
蓟州站,天津市,天津市,蓟州区
静海站,天津市,天津市,静海区
芦台站,天津市,天津市,宁河区
曹子里站,天津市,天津市,武清区
崔黄口站,天津市,天津市,武清区
豆张庄站,天津市,天津市,武清区
武清站,天津市,天津市,武清区
杨村站,天津市,天津市,武清区
天津南站,天津市,天津市,西青区
杨柳青站,天津市,天津市,西青区
拉萨站,西藏自治区,拉萨市,堆龙德庆区
林芝站,西藏自治区,林芝市,巴宜区
朗县站,西藏自治区,林芝市,朗县
岗嘎站,西藏自治区,林芝市,米林县
安多站,西藏自治区,那曲市,安多县
那曲站,西藏自治区,那曲市,色尼区
日喀则站,西藏自治区,日喀则市,桑珠孜区
贡嘎站,西藏自治区,山南市,贡嘎县
加查站,西藏自治区,山南市,加查县
桑日站,西藏自治区,山南市,桑日县
扎囊站,西藏自治区,山南市,扎囊县
香港西九龙站,香港特别行政区,香港特别行政区,油尖旺区
阿克苏站,新疆维吾尔自治区,阿克苏地区,阿克苏市
库车站,新疆维吾尔自治区,阿克苏地区,库车市
新和站,新疆维吾尔自治区,阿克苏地区,新和县
阿拉尔站,新疆维吾尔自治区,阿拉尔市,阿拉尔市
阿勒泰站,新疆维吾尔自治区,阿勒泰地区,阿勒泰市
富蕴站,新疆维吾尔自治区,阿勒泰地区,富蕴县
和静站,新疆维吾尔自治区,巴音郭楞蒙古自治州,和静县
和硕站,新疆维吾尔自治区,巴音郭楞蒙古自治州,和硕县
库尔勒站,新疆维吾尔自治区,巴音郭楞蒙古自治州,库尔勒市
轮台站,新疆维吾尔自治区,巴音郭楞蒙古自治州,轮台县
依吞布拉克站,新疆维吾尔自治区,巴音郭楞蒙古自治州,若羌县
库尔木依站,新疆维吾尔自治区,巴音郭楞蒙古自治州,尉犁县
英库勒站,新疆维吾尔自治区,巴音郭楞蒙古自治州,尉犁县
焉耆站,新疆维吾尔自治区,巴音郭楞蒙古自治州,焉耆回族自治县
北屯市站,新疆维吾尔自治区,北屯市,北屯市
阿拉山口站,新疆维吾尔自治区,博尔塔拉蒙古自治州,阿拉山口市
博乐站,新疆维吾尔自治区,博尔塔拉蒙古自治州,博乐市
精河南站,新疆维吾尔自治区,博尔塔拉蒙古自治州,精河县
精河站,新疆维吾尔自治区,博尔塔拉蒙古自治州,精河县
昌吉站,新疆维吾尔自治区,昌吉回族自治州,昌吉市
魏家泉站,新疆维吾尔自治区,昌吉回族自治州,阜康市
准东站,新疆维吾尔自治区,昌吉回族自治州,吉木萨尔县
哈密站,新疆维吾尔自治区,哈密市,伊州区
和田站,新疆维吾尔自治区,和田地区,和田市
洛浦站,新疆维吾尔自治区,和田地区,洛浦县
巴楚站,新疆维吾尔自治区,喀什地区,巴楚县
喀什站,新疆维吾尔自治区,喀什地区,喀什市
莎车站,新疆维吾尔自治区,喀什地区,莎车县
叶城站,新疆维吾尔自治区,喀什地区,叶城县
克拉玛依站,新疆维吾尔自治区,克拉玛依市,克拉玛依区
阿图什站,新疆维吾尔自治区,克孜勒苏柯尔克孜自治州,阿图什市
昆玉站,新疆维吾尔自治区,昆玉市,昆玉市
石河子站,新疆维吾尔自治区,石河子市,石河子市
博乐东站,新疆维吾尔自治区,双河市,双河市
额敏站,新疆维吾尔自治区,塔城地区,额敏县
和什托洛盖站,新疆维吾尔自治区,塔城地区,和布克赛尔蒙古自治县
玛纳斯湖站,新疆维吾尔自治区,塔城地区,和布克赛尔蒙古自治县
沙湾市站,新疆维吾尔自治区,塔城地区,沙湾市
乌苏站,新疆维吾尔自治区,塔城地区,乌苏市
图木舒克站,新疆维吾尔自治区,图木舒克市,图木舒克市
吐鲁番北站,新疆维吾尔自治区,吐鲁番市,高昌区
吐鲁番站,新疆维吾尔自治区,吐鲁番市,高昌区
鄯善北站,新疆维吾尔自治区,吐鲁番市,鄯善县
吐哈站,新疆维吾尔自治区,吐鲁番市,鄯善县
达坂城站,新疆维吾尔自治区,乌鲁木齐市,达坂城区
乌鲁木齐南站,新疆维吾尔自治区,乌鲁木齐市,沙依巴克区
奎屯站,新疆维吾尔自治区,伊犁哈萨克自治州,奎屯市
伊宁站,新疆维吾尔自治区,伊犁哈萨克自治州,伊宁市
布列开站,新疆维吾尔自治区,伊犁哈萨克自治州,伊宁县
伊宁东站,新疆维吾尔自治区,伊犁哈萨克自治州,伊宁县
楚雄南站,云南省,楚雄彝族自治州,楚雄市
禄丰南站,云南省,楚雄彝族自治州,禄丰市
永仁站,云南省,楚雄彝族自治州,永仁县
尹地站,云南省,楚雄彝族自治州,元谋县
元谋西站,云南省,楚雄彝族自治州,元谋县
大理站,云南省,大理白族自治州,大理市
祥云站,云南省,大理白族自治州,祥云县
永平县站,云南省,大理白族自治州,永平县
个旧站,云南省,红河哈尼族彝族自治州,个旧市
建水站,云南省,红河哈尼族彝族自治州,建水县
开远南站,云南省,红河哈尼族彝族自治州,开远市
蒙自站,云南省,红河哈尼族彝族自治州,蒙自市
弥勒站,云南省,红河哈尼族彝族自治州,弥勒市
朋普站,云南省,红河哈尼族彝族自治州,弥勒市
屏边站,云南省,红河哈尼族彝族自治州,屏边苗族自治县
读书铺站,云南省,昆明市,安宁市
广南卫站,云南省,昆明市,呈贡区
昆明南站,云南省,昆明市,呈贡区
金马村站,云南省,昆明市,官渡区
昆明站,云南省,昆明市,官渡区
小哨站,云南省,昆明市,官渡区
羊堡站,云南省,昆明市,官渡区
昆阳站,云南省,昆明市,晋宁区
石林西站,云南省,昆明市,石林彝族自治县
石林站,云南省,昆明市,石林彝族自治县
宜耐站,云南省,昆明市,石林彝族自治县
小新街站,云南省,昆明市,嵩明县
杨林镇站,云南省,昆明市,嵩明县
宜良北站,云南省,昆明市,宜良县
丽江站,云南省,丽江市,玉龙纳西族自治县
临沧站,云南省,临沧市,临翔区
云县站,云南省,临沧市,云县
宁洱站,云南省,普洱市,宁洱哈尼族彝族自治县
普洱站,云南省,普洱市,思茅区
陆良站,云南省,曲靖市,陆良县
罗平站,云南省,曲靖市,罗平县
曲靖站,云南省,曲靖市,麒麟区
师宗站,云南省,曲靖市,师宗县
宣威站,云南省,曲靖市,宣威市
白水镇站,云南省,曲靖市,沾益区
曲靖北站,云南省,曲靖市,沾益区
富宁站,云南省,文山壮族苗族自治州,富宁县
珠琳站,云南省,文山壮族苗族自治州,广南县
普者黑站,云南省,文山壮族苗族自治州,丘北县
橄榄坝站,云南省,西双版纳傣族自治州,景洪市
西双版纳站,云南省,西双版纳傣族自治州,景洪市
野象谷站,云南省,西双版纳傣族自治州,景洪市
勐腊站,云南省,西双版纳傣族自治州,勐腊县
磨憨站,云南省,西双版纳傣族自治州,勐腊县
玉溪站,云南省,玉溪市,红塔区
通海站,云南省,玉溪市,通海县
元江站,云南省,玉溪市,元江哈尼族彝族傣族自治县
水富站,云南省,昭通市,水富市
昭通站,云南省,昭通市,昭阳区
千岛湖站,浙江省,杭州市,淳安县
富阳西站,浙江省,杭州市,富阳区
临平南站,浙江省,杭州市,临平区
杭州东站,浙江省,杭州市,上城区
杭州站,浙江省,杭州市,上城区
桐庐东站,浙江省,杭州市,桐庐县
杭州南站,浙江省,杭州市,萧山区
安吉站,浙江省,湖州市,安吉县
德清西站,浙江省,湖州市,德清县
德清站,浙江省,湖州市,德清县
湖州站,浙江省,湖州市,吴兴区
长兴南站,浙江省,湖州市,长兴县
长兴站,浙江省,湖州市,长兴县
海宁西站,浙江省,嘉兴市,海宁市
海宁站,浙江省,嘉兴市,海宁市
嘉善南站,浙江省,嘉兴市,嘉善县
嘉善站,浙江省,嘉兴市,嘉善县
嘉兴南站,浙江省,嘉兴市,南湖区
嘉兴站,浙江省,嘉兴市,南湖区
桐乡站,浙江省,嘉兴市,桐乡市
巍山车站,浙江省,金华市,东阳市
金华南站,浙江省,金华市,金东区
兰溪站,浙江省,金华市,兰溪市
磐安南站,浙江省,金华市,磐安县
武义北站,浙江省,金华市,武义县
武义站,浙江省,金华市,武义县
金华站,浙江省,金华市,婺城区
义乌站,浙江省,金华市,义乌市
永康南站,浙江省,金华市,永康市
缙云西站,浙江省,丽水市,缙云县
缙云站,浙江省,丽水市,缙云县
丽水站,浙江省,丽水市,莲都区
青田站,浙江省,丽水市,青田县
奉化站,浙江省,宁波市,奉化区
宁波站,浙江省,宁波市,海曙区
庄桥站,浙江省,宁波市,江北区
宁海站,浙江省,宁波市,宁海县
余姚北站,浙江省,宁波市,余姚市
余姚站,浙江省,宁波市,余姚市
江山站,浙江省,衢州市,江山市
开化站,浙江省,衢州市,开化县
衢州站,浙江省,衢州市,柯城区
龙游南站,浙江省,衢州市,龙游县
龙游站,浙江省,衢州市,龙游县
上虞南站,浙江省,绍兴市,上虞区
上虞站,浙江省,绍兴市,上虞区
绍兴东站,浙江省,绍兴市,上虞区
嵊州北站,浙江省,绍兴市,嵊州市
绍兴北站,浙江省,绍兴市,越城区
绍兴站,浙江省,绍兴市,越城区
诸暨站,浙江省,绍兴市,诸暨市
台州西站,浙江省,台州市,黄岩区
台州站,浙江省,台州市,椒江区
杜桥站,浙江省,台州市,临海市
临海南站,浙江省,台州市,临海市
临海站,浙江省,台州市,临海市
头门港站,浙江省,台州市,临海市
三门县站,浙江省,台州市,三门县
天台山站,浙江省,台州市,天台县
温岭站,浙江省,台州市,温岭市
仙居南站,浙江省,台州市,仙居县
苍南站,浙江省,温州市,苍南县
乐清东站,浙江省,温州市,乐清市
乐清站,浙江省,温州市,乐清市
温州站,浙江省,温州市,鹿城区
温州南站,浙江省,温州市,瓯海区
瑞安站,浙江省,温州市,瑞安市
温州北站,浙江省,温州市,永嘉县
南彭站,重庆市,重庆市,巴南区
水土站,重庆市,重庆市,北碚区
璧山站,重庆市,重庆市,璧山区
大足南站,重庆市,重庆市,大足区
垫江站,重庆市,重庆市,垫江县
丰都站,重庆市,重庆市,丰都县
涪陵北站,重庆市,重庆市,涪陵区
涪陵站,重庆市,重庆市,涪陵区
合川站,重庆市,重庆市,合川区
复盛站,重庆市,重庆市,江北区
重庆南站,重庆市,重庆市,九龙坡区
梁平南站,重庆市,重庆市,梁平区
梁平站,重庆市,重庆市,梁平区
彭水站,重庆市,重庆市,彭水苗族土家族自治县
赶水东站,重庆市,重庆市,綦江区
綦江东站,重庆市,重庆市,綦江区
黔江站,重庆市,重庆市,黔江区
荣昌北站,重庆市,重庆市,荣昌区
沙坪坝站,重庆市,重庆市,沙坪坝区
重庆西站,重庆市,重庆市,沙坪坝区
石柱县站,重庆市,重庆市,石柱土家族自治县
潼南站,重庆市,重庆市,潼南区
万州北站,重庆市,重庆市,万州区
万州站,重庆市,重庆市,万州区
武隆站,重庆市,重庆市,武隆区
秀山站,重庆市,重庆市,秀山土家族苗族自治县
永川东站,重庆市,重庆市,永川区
酉阳站,重庆市,重庆市,酉阳土家族苗族自治县
古路站,重庆市,重庆市,渝北区
统景站,重庆市,重庆市,渝北区
重庆北站,重庆市,重庆市,渝北区
长寿北站,重庆市,重庆市,长寿区
长寿湖站,重庆市,重庆市,长寿区
